"position","const","created","modified","description","Title","Title type","Directors","demetriodor-880-20065 rated","IMDb Rating","Runtime (mins)","Year","Genres","Num. Votes","Release Date (month/day/year)","URL"
"1","tt0414993","Sun Mar  2 00:00:00 2014","","","The Fountain","Feature Film","Darren Aronofsky","6","7.4","96","2006","drama, romance, sci_fi","153744","2006-09-04","http://www.imdb.com/title/tt0414993/"
"2","tt2059255","Thu Feb 27 00:00:00 2014","","","No","Feature Film","Pablo Larraín","7","7.5","118","2012","drama, history","11759","2012-05-18","http://www.imdb.com/title/tt2059255/"
"3","tt1866249","Tue Feb 25 00:00:00 2014","","","The Sessions","Feature Film","Ben Lewin","7","7.3","95","2012","comedy, drama, romance","28387","2012-01-23","http://www.imdb.com/title/tt1866249/"
"4","tt2370248","Mon Feb 24 00:00:00 2014","","","Short Term 12","Feature Film","Destin Daniel Cretton","7","8.1","96","2013","drama","11981","2013-03-10","http://www.imdb.com/title/tt2370248/"
"5","tt1727388","Sat Feb 22 00:00:00 2014","","","The Way Way Back","Feature Film","Nat Faxon, Jim Rash","6","7.5","103","2013","comedy, drama","60326","2013-01-21","http://www.imdb.com/title/tt1727388/"
"6","tt0970179","Thu Feb 20 00:00:00 2014","","","Hugo","Feature Film","Martin Scorsese","8","7.6","126","2011","adventure, drama, family, mystery","188301","2011-10-10","http://www.imdb.com/title/tt0970179/"
"7","tt1007029","Tue Feb 18 00:00:00 2014","","","The Iron Lady","Feature Film","Phyllida Lloyd","6","6.4","105","2011","biography, drama, history","58701","2011-12-26","http://www.imdb.com/title/tt1007029/"
"8","tt0242888","Mon Feb 17 00:00:00 2014","","","The Sleeping Dictionary","Feature Film","Guy Jenkin","6","6.6","109","2003","drama, romance","5921","2003-01-31","http://www.imdb.com/title/tt0242888/"
"9","tt1649419","Mon Feb 17 00:00:00 2014","","","The Impossible","Feature Film","J.A. Bayona","5","7.6","114","2012","drama, history, thriller","104238","2012-09-09","http://www.imdb.com/title/tt1649419/"
"10","tt1911607","Sat Feb 15 00:00:00 2014","","","Nova Zembla","Feature Film","Reinout Oerlemans","6","5.8","108","2011","drama, history","2621","2011-11-23","http://www.imdb.com/title/tt1911607/"
"11","tt1924429","Thu Feb 13 00:00:00 2014","","","Trance","Feature Film","Danny Boyle","7","7.0","101","2013","crime, drama, mystery, thriller","60710","2013-03-27","http://www.imdb.com/title/tt1924429/"
"12","tt2431286","Wed Feb 12 00:00:00 2014","","","Philomena","Feature Film","Stephen Frears","6","7.8","98","2013","drama","19629","2013-08-31","http://www.imdb.com/title/tt2431286/"
"13","tt1821549","Sun Feb  9 00:00:00 2014","","","Nebraska","Feature Film","Alexander Payne","7","7.9","115","2013","adventure, drama","25839","2013-05-23","http://www.imdb.com/title/tt1821549/"
"14","tt0838221","Fri Feb  7 00:00:00 2014","","","The Darjeeling Limited","Feature Film","Wes Anderson","7","7.2","91","2007","adventure, comedy, drama","97766","2007-08","http://www.imdb.com/title/tt0838221/"
"15","tt0362270","Wed Feb  5 00:00:00 2014","","","The Life Aquatic with Steve Zissou","Feature Film","Wes Anderson","8","7.3","119","2004","adventure, comedy, drama","100822","2004-11-20","http://www.imdb.com/title/tt0362270/"
"16","tt0119174","Tue Feb  4 00:00:00 2014","","","The Game","Feature Film","David Fincher","9","7.8","129","1997","drama, mystery, thriller","193201","1997-09-12","http://www.imdb.com/title/tt0119174/"
"17","tt0112431","Mon Feb  3 00:00:00 2014","","","Babe","Feature Film","Chris Noonan","6","6.9","89","1995","drama, family","76090","1995-08-04","http://www.imdb.com/title/tt0112431/"
"18","tt0364569","Mon Feb  3 00:00:00 2014","","","Oldboy","Feature Film","Chan-wook Park","7","8.4","120","2003","drama, mystery, thriller","242169","2003-11-21","http://www.imdb.com/title/tt0364569/"
"19","tt0099685","Mon Feb  3 00:00:00 2014","","","Goodfellas","Feature Film","Martin Scorsese","8","8.8","146","1990","biography, crime, drama, thriller","508972","1990-09-12","http://www.imdb.com/title/tt0099685/"
"20","tt0317248","Mon Feb  3 00:00:00 2014","","","City of God","Feature Film","Fernando Meirelles, Kátia Lund","8","8.7","130","2002","crime, drama","381818","2002-05-18","http://www.imdb.com/title/tt0317248/"
"21","tt0117951","Mon Feb  3 00:00:00 2014","","","Trainspotting","Feature Film","Danny Boyle","9","8.2","94","1996","crime, drama","340048","1996-02-23","http://www.imdb.com/title/tt0117951/"
"22","tt0335266","Mon Feb  3 00:00:00 2014","","","Lost in Translation","Feature Film","Sofia Coppola","6","7.8","101","2003","drama","253489","2003-08-29","http://www.imdb.com/title/tt0335266/"
"23","tt0162222","Mon Feb  3 00:00:00 2014","","","Cast Away","Feature Film","Robert Zemeckis","5","7.7","143","2000","adventure, drama","281056","2000-12-07","http://www.imdb.com/title/tt0162222/"
"24","tt0335345","Mon Feb  3 00:00:00 2014","","","The Passion of the Christ","Feature Film","Mel Gibson","9","7.1","127","2004","drama","150618","2004-02-25","http://www.imdb.com/title/tt0335345/"
"25","tt0305224","Mon Feb  3 00:00:00 2014","","","Anger Management","Feature Film","Peter Segal","6","6.2","106","2003","comedy","140045","2003-03-05","http://www.imdb.com/title/tt0305224/"
"26","tt0073650","Mon Feb  3 00:00:00 2014","","","Salò, or the 120 Days of Sodom","Feature Film","Pier Paolo Pasolini","7","6.0","116","1975","drama","28130","1975-11-22","http://www.imdb.com/title/tt0073650/"
"27","tt0436697","Mon Feb  3 00:00:00 2014","","","The Queen","Feature Film","Stephen Frears","6","7.4","103","2006","biography, drama","68688","2006-09-02","http://www.imdb.com/title/tt0436697/"
"28","tt0079522","Mon Feb  3 00:00:00 2014","","","Manhattan","Feature Film","Woody Allen","8","8.0","96","1979","comedy, drama, romance","82391","1979-04-25","http://www.imdb.com/title/tt0079522/"
"29","tt0116922","Mon Feb  3 00:00:00 2014","","","Lost Highway","Feature Film","David Lynch","7","7.7","134","1997","drama, mystery, thriller","75872","1997-01-15","http://www.imdb.com/title/tt0116922/"
"30","tt2390361","Fri Jan 31 00:00:00 2014","","","Enough Said","Feature Film","Nicole Holofcener","5","7.2","93","2013","comedy, drama, romance","20112","2013-09-07","http://www.imdb.com/title/tt2390361/"
"31","tt2106476","Thu Jan 30 00:00:00 2014","","","The Hunt","Feature Film","Thomas Vinterberg","7","8.3","115","2012","drama","75527","2012-05-20","http://www.imdb.com/title/tt2106476/"
"32","tt1924396","Thu Jan 30 00:00:00 2014","","","The Best Offer","Feature Film","Giuseppe Tornatore","6","7.9","131","2013","crime, drama, mystery, romance","25079","2013-01-01","http://www.imdb.com/title/tt1924396/"
"33","tt0283900","Wed Jan 29 00:00:00 2014","","","L'Auberge Espagnole","Feature Film","Cédric Klapisch","6","7.3","122","2002","comedy, drama","28110","2002-05-17","http://www.imdb.com/title/tt0283900/"
"34","tt0213847","Wed Jan 29 00:00:00 2014","","","Malèna","Feature Film","Giuseppe Tornatore","7","7.5","109","2000","comedy, drama, romance, war","49260","2000-10-27","http://www.imdb.com/title/tt0213847/"
"35","tt2051879","Wed Jan 29 00:00:00 2014","","","Europa Report","Feature Film","Sebastián Cordero","4","6.5","90","2013","sci_fi, thriller","27471","2013-06-15","http://www.imdb.com/title/tt2051879/"
"36","tt0061722","Wed Jan 29 00:00:00 2014","","","The Graduate","Feature Film","Mike Nichols","8","8.1","106","1967","comedy, drama, romance","159843","1967-12-21","http://www.imdb.com/title/tt0061722/"
"37","tt0119822","Wed Jan 29 00:00:00 2014","","","As Good as It Gets","Feature Film","James L. Brooks","5","7.8","139","1997","comedy, drama, romance","188023","1997-12-19","http://www.imdb.com/title/tt0119822/"
"38","tt0375063","Wed Jan 29 00:00:00 2014","","","Sideways","Feature Film","Alexander Payne","5","7.6","126","2004","comedy, drama, romance","124505","2004-09-13","http://www.imdb.com/title/tt0375063/"
"39","tt0362227","Wed Jan 29 00:00:00 2014","","","The Terminal","Feature Film","Steven Spielberg","6","7.3","128","2004","comedy, drama","217239","2004-06-09","http://www.imdb.com/title/tt0362227/"
"40","tt0301357","Wed Jan 29 00:00:00 2014","","","Good Bye Lenin!","Feature Film","Wolfgang Becker","6","7.8","121","2003","comedy, drama, romance","90018","2003-02-09","http://www.imdb.com/title/tt0301357/"
"41","tt2042568","Tue Jan 28 00:00:00 2014","","","Inside Llewyn Davis","Feature Film","Ethan Coen, Joel Coen","6","7.8","104","2013","drama, music","28586","2013-05-19","http://www.imdb.com/title/tt2042568/"
"42","tt0993846","Sun Jan 26 00:00:00 2014","","","The Wolf of Wall Street","Feature Film","Martin Scorsese","9","8.5","180","2013","biography, comedy, crime, drama","238546","2013-12-17","http://www.imdb.com/title/tt0993846/"
"43","tt0790636","Sun Jan 26 00:00:00 2014","","","Dallas Buyers Club","Feature Film","Jean-Marc Vallée","8","8.0","117","2013","biography, drama, history","79910","2013-09-07","http://www.imdb.com/title/tt0790636/"
"44","tt1291580","Sat Jan 25 00:00:00 2014","","","Behind the Candelabra","TV Movie","Steven Soderbergh","6","7.1","118","2013","biography, drama, romance","21162","2013-05-21","http://www.imdb.com/title/tt1291580/"
"45","tt2024544","Thu Jan 23 00:00:00 2014","","","12 Years a Slave","Feature Film","Steve McQueen","8","8.3","134","2013","biography, drama, history","115435","2013-08-30","http://www.imdb.com/title/tt2024544/"
"46","tt1602613","Thu Jan 23 00:00:00 2014","","","Only God Forgives","Feature Film","Nicolas Winding Refn","6","5.8","90","2013","crime, drama, thriller","52623","2013-05-22","http://www.imdb.com/title/tt1602613/"
"47","tt1798709","Wed Jan 22 00:00:00 2014","","","Her","Feature Film","Spike Jonze","5","8.3","126","2013","drama, romance, sci_fi","78453","2013-10-12","http://www.imdb.com/title/tt1798709/"
"48","tt2358891","Mon Jan 20 00:00:00 2014","","","The Great Beauty","Feature Film","Paolo Sorrentino","7","7.8","142","2013","comedy, drama","17442","2013-05-21","http://www.imdb.com/title/tt2358891/"
"49","tt2347569","Wed Jan 15 00:00:00 2014","","","Frances Ha","Feature Film","Noah Baumbach","5","7.5","86","2012","comedy, drama","19615","2012-09-01","http://www.imdb.com/title/tt2347569/"
"50","tt2258858","Sun Jan 12 00:00:00 2014","","","Wadjda","Feature Film","Haifaa Al Mansour","7","7.7","98","2012","drama","5423","2012-08-31","http://www.imdb.com/title/tt2258858/"
"51","tt1800241","Wed Jan  1 00:00:00 2014","","","American Hustle","Feature Film","David O. Russell","6","7.6","138","2013","crime, drama","133683","2013-12-12","http://www.imdb.com/title/tt1800241/"
"52","tt1682180","Mon Dec 30 00:00:00 2013","","","Stoker","Feature Film","Chan-wook Park","7","6.9","99","2013","drama, mystery, thriller","57153","2013-01-20","http://www.imdb.com/title/tt1682180/"
"53","tt0397535","Mon Dec 30 00:00:00 2013","","","Memoirs of a Geisha","Feature Film","Rob Marshall","7","7.3","145","2005","drama, romance","98932","2005-11-29","http://www.imdb.com/title/tt0397535/"
"54","tt1512201","Sun Dec 29 00:00:00 2013","","","Last Train Home","Documentary","Lixin Fan","7","7.7","85","2009","documentary, drama","2263","2009-11-22","http://www.imdb.com/title/tt1512201/"
"55","tt0120125","Sun Dec 29 00:00:00 2013","","","The Barber of Siberia","Feature Film","Nikita Mikhalkov","7","7.8","180","1998","comedy, drama, romance","7505","1998-10-30","http://www.imdb.com/title/tt0120125/"
"56","tt0111579","Sun Dec 29 00:00:00 2013","","","Burnt by the Sun","Feature Film","Nikita Mikhalkov","9","8.0","135","1994","drama, history, war","9096","1994-05-21","http://www.imdb.com/title/tt0111579/"
"57","tt0058003","Sun Dec 29 00:00:00 2013","","","Red Desert","Feature Film","Michelangelo Antonioni","6","7.7","117","1964","drama","6464","1964-09-04","http://www.imdb.com/title/tt0058003/"
"58","tt0120265","Sun Dec 29 00:00:00 2013","","","Taste of Cherry","Feature Film","Abbas Kiarostami","6","7.7","95","1997","drama","10508","1997-05","http://www.imdb.com/title/tt0120265/"
"59","tt0119448","Sun Dec 29 00:00:00 2013","","","Character","Feature Film","Mike van Diem","6","7.8","122","1997","crime, drama, mystery","8215","1997-04-17","http://www.imdb.com/title/tt0119448/"
"60","tt0109688","Sun Dec 29 00:00:00 2013","","","Ashes of Time","Feature Film","Kar Wai Wong","7","7.2","100","1994","action, drama","8127","1994-09-10","http://www.imdb.com/title/tt0109688/"
"61","tt0095800","Sun Dec 29 00:00:00 2013","","","The Bear","Feature Film","Jean-Jacques Annaud","8","7.7","96","1988","adventure, family, drama","10586","1988-10-19","http://www.imdb.com/title/tt0095800/"
"62","tt0070842","Sun Dec 29 00:00:00 2013","","","Turkish Delight","Feature Film","Paul Verhoeven","7","7.2","108","1973","drama, romance","6252","1973-02-22","http://www.imdb.com/title/tt0070842/"
"63","tt0031885","Sun Dec 29 00:00:00 2013","","","The Rules of the Game","Feature Film","Jean Renoir","7","8.1","110","1939","comedy, drama","16385","1939-07-07","http://www.imdb.com/title/tt0031885/"
"64","tt0088272","Sun Dec 29 00:00:00 2013","","","Tightrope","Feature Film","Richard Tuggle","7","6.3","114","1984","crime, drama, mystery, thriller","8820","1984-08-17","http://www.imdb.com/title/tt0088272/"
"65","tt0055032","Sun Dec 29 00:00:00 2013","","","Jules and Jim","Feature Film","François Truffaut","8","7.9","105","1962","drama, romance","21252","1962-01-23","http://www.imdb.com/title/tt0055032/"
"66","tt0097443","Sun Dec 29 00:00:00 2013","","","The Gods Must Be Crazy II","Feature Film","Jamie Uys","7","6.7","98","1989","comedy","9739","1989-07-26","http://www.imdb.com/title/tt0097443/"
"67","tt1187044","Sun Dec 29 00:00:00 2013","","","The Maid","Feature Film","Sebastián Silva","6","7.3","95","2009","comedy, drama","3670","2009-01-17","http://www.imdb.com/title/tt1187044/"
"68","tt0051808","Sun Dec 29 00:00:00 2013","","","The Hidden Fortress","Feature Film","Akira Kurosawa","8","8.0","139","1958","adventure, drama","18887","1958-12-28","http://www.imdb.com/title/tt0051808/"
"69","tt0091886","Sun Dec 29 00:00:00 2013","","","Salvador","Feature Film","Oliver Stone","7","7.5","122","1986","drama, history, thriller, war","12576","1986-02-28","http://www.imdb.com/title/tt0091886/"
"70","tt0106307","Sun Dec 29 00:00:00 2013","","","Arizona Dream","Feature Film","Emir Kusturica","6","7.4","142","1992","comedy, drama, fantasy, romance","28496","1992-10-26","http://www.imdb.com/title/tt0106307/"
"71","tt0465188","Sun Dec 29 00:00:00 2013","","","Golden Door","Feature Film","Emanuele Crialese","7","6.9","118","2006","drama, history, romance","3723","2006-09-08","http://www.imdb.com/title/tt0465188/"
"72","tt1103982","Sun Dec 29 00:00:00 2013","","","The Girlfriend Experience","Feature Film","Steven Soderbergh","5","5.6","77","2009","drama","11602","2009-01-20","http://www.imdb.com/title/tt1103982/"
"73","tt0049730","Sun Dec 29 00:00:00 2013","","","The Searchers","Feature Film","John Ford","6","8.0","119","1956","western","50100","1956-03-13","http://www.imdb.com/title/tt0049730/"
"74","tt0089881","Sun Dec 29 00:00:00 2013","","","Ran","Feature Film","Akira Kurosawa","9","8.3","162","1985","action, drama, war","58205","1985-06-01","http://www.imdb.com/title/tt0089881/"
"75","tt0042876","Sun Dec 29 00:00:00 2013","","","Rashomon","Feature Film","Akira Kurosawa","8","8.4","88","1950","crime, drama","73450","1950-08-25","http://www.imdb.com/title/tt0042876/"
"76","tt0055630","Sun Dec 29 00:00:00 2013","","","Yojimbo","Feature Film","Akira Kurosawa","8","8.4","110","1961","action, adventure","52951","1961-04-25","http://www.imdb.com/title/tt0055630/"
"77","tt0117737","Sun Dec 29 00:00:00 2013","","","Stealing Beauty","Feature Film","Bernardo Bertolucci","7","6.6","118","1996","drama, romance","16511","1996-03-29","http://www.imdb.com/title/tt0117737/"
"78","tt0080801","Sun Dec 29 00:00:00 2013","","","The Gods Must Be Crazy","Feature Film","Jamie Uys","8","7.2","109","1980","action, comedy","35407","1980-09-10","http://www.imdb.com/title/tt0080801/"
"79","tt0056923","Sun Dec 29 00:00:00 2013","","","Charade","Feature Film","Stanley Donen","8","8.1","113","1963","comedy, mystery, romance, thriller","38488","1963-12-05","http://www.imdb.com/title/tt0056923/"
"80","tt0473444","Sun Dec 29 00:00:00 2013","","","Curse of the Golden Flower","Feature Film","Yimou Zhang","6","7.0","111","2006","action, drama, romance","31215","2006-12-21","http://www.imdb.com/title/tt0473444/"
"81","tt0479537","Sun Dec 29 00:00:00 2013","","","Seraphim Falls","Feature Film","David Von Ancken","6","6.8","115","2006","action, drama, thriller, war, western","20294","2006-09-13","http://www.imdb.com/title/tt0479537/"
"82","tt0059646","Sun Dec 29 00:00:00 2013","","","Repulsion","Feature Film","Roman Polanski","6","7.8","105","1965","horror, thriller","26341","1965-05","http://www.imdb.com/title/tt0059646/"
"83","tt0094336","Sun Dec 29 00:00:00 2013","","","Withnail & I","Feature Film","Bruce Robinson","9","7.9","107","1987","comedy, drama","24512","1987-03-27","http://www.imdb.com/title/tt0094336/"
"84","tt0297884","Sun Dec 29 00:00:00 2013","","","Far from Heaven","Feature Film","Todd Haynes","6","7.5","107","2002","drama","31160","2002-09-01","http://www.imdb.com/title/tt0297884/"
"85","tt0044741","Sun Dec 29 00:00:00 2013","","","Ikiru","Feature Film","Akira Kurosawa","8","8.4","143","1952","drama","29128","1952-10-09","http://www.imdb.com/title/tt0044741/"
"86","tt1127702","Sun Dec 29 00:00:00 2013","","","Mission London","Feature Film","Dimitar Mitovski","6","7.6","","2010","comedy","4660","2010-04-16","http://www.imdb.com/title/tt1127702/"
"87","tt0088992","Sun Dec 29 00:00:00 2013","","","The Runner","Feature Film","Amir Naderi","8","8.0","94","1990","drama","687","1985","http://www.imdb.com/title/tt0088992/"
"88","tt0393775","Sun Dec 29 00:00:00 2013","","","Simon","Feature Film","Eddy Terstall","6","8.0","102","2004","comedy, drama","6740","2004-09-22","http://www.imdb.com/title/tt0393775/"
"89","tt0061781","Sun Dec 29 00:00:00 2013","","","The Firemen's Ball","Feature Film","Milos Forman","8","7.7","71","1967","comedy, drama","4743","1967-12-15","http://www.imdb.com/title/tt0061781/"
"90","tt0082835","Sun Dec 29 00:00:00 2013","","","Buddy Goes West","Feature Film","Michele Lupo","6","6.6","90","1981","comedy, western","1372","1981-03-06","http://www.imdb.com/title/tt0082835/"
"91","tt0076517","Sun Dec 29 00:00:00 2013","","","Padre padrone","Feature Film","Paolo Taviani, Vittorio Taviani","8","7.4","114","1977","biography, drama","1975","1977-05","http://www.imdb.com/title/tt0076517/"
"92","tt0270053","Sun Dec 29 00:00:00 2013","","","Vizontele","Feature Film","Yilmaz Erdogan, Ömer Faruk Sorak","6","7.9","110","2001","comedy, drama","11720","2001-02-02","http://www.imdb.com/title/tt0270053/"
"93","tt0450158","Sun Dec 29 00:00:00 2013","","","The State Counsellor","Feature Film","Filipp Yankovsky","7","7.2","134","2005","drama, crime","1562","2005-04-21","http://www.imdb.com/title/tt0450158/"
"94","tt0259072","Sun Dec 29 00:00:00 2013","","","A Time for Drunken Horses","Feature Film","Bahman Ghobadi","9","7.7","80","2000","drama, war","4096","2000-05","http://www.imdb.com/title/tt0259072/"
"95","tt0392883","Sun Dec 29 00:00:00 2013","","","Valley of Flowers","Feature Film","Pan Nalin","7","7.1","155","2006","adventure, drama, romance","1174","2006-07-15","http://www.imdb.com/title/tt0392883/"
"96","tt0096894","Sun Dec 29 00:00:00 2013","","","Bashu, the Little Stranger","Feature Film","Bahram Beizai","8","8.1","120","1990","drama","1122","1990-09-14","http://www.imdb.com/title/tt0096894/"
"97","tt0137523","Sun Dec 29 00:00:00 2013","","","Fight Club","Feature Film","David Fincher","9","8.9","139","1999","drama","889065","1999-09-10","http://www.imdb.com/title/tt0137523/"
"98","tt0301634","Sun Dec 29 00:00:00 2013","","","Frozen Stiff","Feature Film","Milan Milinkovic","5","8.3","90","2002","comedy, drama","2992","2002-03-15","http://www.imdb.com/title/tt0301634/"
"99","tt0084873","Sun Dec 29 00:00:00 2013","","","A Railway Station for Two","Feature Film","Eldar Ryazanov","8","8.0","141","1982","romance","1238","1982","http://www.imdb.com/title/tt0084873/"
"100","tt0332452","Sun Dec 29 00:00:00 2013","","","Troy","Feature Film","Wolfgang Petersen","6","7.2","163","2004","adventure, drama","271822","2004-05-09","http://www.imdb.com/title/tt0332452/"
"101","tt0114369","Sun Dec 29 00:00:00 2013","","","Se7en","Feature Film","David Fincher","8","8.7","127","1995","crime, mystery, thriller","683117","1995-09-22","http://www.imdb.com/title/tt0114369/"
"102","tt1130884","Sun Dec 29 00:00:00 2013","","","Shutter Island","Feature Film","Martin Scorsese","8","8.1","138","2010","drama, mystery, thriller","488633","2010-02-13","http://www.imdb.com/title/tt1130884/"
"103","tt0208092","Sun Dec 29 00:00:00 2013","","","Snatch.","Feature Film","Guy Ritchie","9","8.4","104","2000","comedy, crime","427349","2000-08-23","http://www.imdb.com/title/tt0208092/"
"104","tt0240772","Sun Dec 29 00:00:00 2013","","","Ocean's Eleven","Feature Film","Steven Soderbergh","8","7.8","116","2001","crime, thriller","291763","2001-12-05","http://www.imdb.com/title/tt0240772/"
"105","tt0959337","Sun Dec 29 00:00:00 2013","","","Revolutionary Road","Feature Film","Sam Mendes","6","7.4","119","2008","drama, romance","121331","2008-12-15","http://www.imdb.com/title/tt0959337/"
"106","tt0120735","Sun Dec 29 00:00:00 2013","","","Lock, Stock and Two Smoking Barrels","Feature Film","Guy Ritchie","8","8.2","107","1998","comedy, crime","301234","1998-08-28","http://www.imdb.com/title/tt0120735/"
"107","tt0120669","Sun Dec 29 00:00:00 2013","","","Fear and Loathing in Las Vegas","Feature Film","Terry Gilliam","8","7.8","118","1998","comedy","170659","1998-05-15","http://www.imdb.com/title/tt0120669/"
"108","tt0175880","Sun Dec 29 00:00:00 2013","","","Magnolia","Feature Film","Paul Thomas Anderson","7","8.0","188","1999","drama","203657","1999-12-08","http://www.imdb.com/title/tt0175880/"
"109","tt1032755","Sun Dec 29 00:00:00 2013","","","RocknRolla","Feature Film","Guy Ritchie","6","7.3","114","2008","action, crime, thriller","153250","2008-09-04","http://www.imdb.com/title/tt1032755/"
"110","tt1058017","Sun Dec 29 00:00:00 2013","","","The Invention of Lying","Feature Film","Ricky Gervais, Matthew Robinson","5","6.4","100","2009","comedy, fantasy, romance","76492","2009-09-14","http://www.imdb.com/title/tt1058017/"
"111","tt0472043","Sun Dec 29 00:00:00 2013","","","Apocalypto","Feature Film","Mel Gibson","9","7.8","139","2006","action, adventure, drama, thriller","192203","2006-12-08","http://www.imdb.com/title/tt0472043/"
"112","tt0047478","Sun Dec 29 00:00:00 2013","","","Seven Samurai","Feature Film","Akira Kurosawa","9","8.8","207","1954","action, drama","171113","1954-04-26","http://www.imdb.com/title/tt0047478/"
"113","tt0496806","Sun Dec 29 00:00:00 2013","","","Ocean's Thirteen","Feature Film","Steven Soderbergh","7","6.9","122","2007","crime, thriller","190447","2007-05-24","http://www.imdb.com/title/tt0496806/"
"114","tt0349903","Sun Dec 29 00:00:00 2013","","","Ocean's Twelve","Feature Film","Steven Soderbergh","7","6.4","125","2004","crime, thriller","209507","2004-12-08","http://www.imdb.com/title/tt0349903/"
"115","tt0333766","Sun Dec 29 00:00:00 2013","","","Garden State","Feature Film","Zach Braff","5","7.7","102","2004","comedy, drama, romance","163943","2004-01-16","http://www.imdb.com/title/tt0333766/"
"116","tt0110148","Sun Dec 29 00:00:00 2013","","","Interview with the Vampire: The Vampire Chronicles","Feature Film","Neil Jordan","6","7.6","123","1994","horror, romance","191667","1994-11-11","http://www.imdb.com/title/tt0110148/"
"117","tt0110322","Sun Dec 29 00:00:00 2013","","","Legends of the Fall","Feature Film","Edward Zwick","5","7.5","133","1994","drama, romance, war, western","84429","1994-12-16","http://www.imdb.com/title/tt0110322/"
"118","tt0462322","Sun Dec 29 00:00:00 2013","","","Grindhouse","Feature Film","Robert Rodriguez, Eli Roth","8","7.7","191","2007","action, horror, thriller","129839","2007-04-06","http://www.imdb.com/title/tt0462322/"
"119","tt0366551","Sun Dec 29 00:00:00 2013","","","Harold & Kumar Go to White Castle","Feature Film","Danny Leiner","7","7.2","88","2004","adventure, comedy","127948","2004-05-20","http://www.imdb.com/title/tt0366551/"
"120","tt0117665","Sun Dec 29 00:00:00 2013","","","Sleepers","Feature Film","Barry Levinson","6","7.5","147","1996","crime, drama, thriller","126892","1996-10-18","http://www.imdb.com/title/tt0117665/"
"121","tt0449467","Sun Dec 29 00:00:00 2013","","","Babel","Feature Film","Alejandro González Iñárritu","7","7.5","143","2006","drama","199137","2006-05-23","http://www.imdb.com/title/tt0449467/"
"122","tt0017136","Sun Dec 29 00:00:00 2013","","","Metropolis","Feature Film","Fritz Lang","8","8.4","153","1927","drama, sci_fi","80131","1927-01-10","http://www.imdb.com/title/tt0017136/"
"123","tt0080491","Sun Dec 29 00:00:00 2013","","","Caligula","Feature Film","Tinto Brass","6","5.2","156","1979","adult, drama, history","22821","1979-08-14","http://www.imdb.com/title/tt0080491/"
"124","tt0119558","Sun Dec 29 00:00:00 2013","","","Lolita","Feature Film","Adrian Lyne","6","6.9","137","1997","drama, romance","27986","1997-09-27","http://www.imdb.com/title/tt0119558/"
"125","tt0479884","Sun Dec 29 00:00:00 2013","","","Crank","Feature Film","Neveldine, Taylor","7","7.0","88","2006","action, crime, thriller","153692","2006-08-31","http://www.imdb.com/title/tt0479884/"
"126","tt0236493","Sun Dec 29 00:00:00 2013","","","The Mexican","Feature Film","Gore Verbinski","5","6.1","123","2001","adventure, comedy, crime, romance","71388","2001-03-02","http://www.imdb.com/title/tt0236493/"
"127","tt1234548","Sun Dec 29 00:00:00 2013","","","The Men Who Stare at Goats","Feature Film","Grant Heslov","6","6.3","94","2009","comedy, war","90742","2009-09-08","http://www.imdb.com/title/tt1234548/"
"128","tt0480025","Sun Dec 29 00:00:00 2013","","","This Is England","Feature Film","Shane Meadows","7","7.7","101","2006","crime, drama","81112","2006-09-12","http://www.imdb.com/title/tt0480025/"
"129","tt0889583","Sun Dec 29 00:00:00 2013","","","Brüno","Feature Film","Larry Charles","6","5.9","81","2009","comedy","97140","2009-06-25","http://www.imdb.com/title/tt0889583/"
"130","tt1440728","Sun Dec 29 00:00:00 2013","","","The American","Feature Film","Anton Corbijn","6","6.3","105","2010","crime, drama, thriller","65425","2010-09-01","http://www.imdb.com/title/tt1440728/"
"131","tt0307479","Sun Dec 29 00:00:00 2013","","","Solaris","Feature Film","Steven Soderbergh","6","6.2","99","2002","drama, mystery, romance, sci_fi","58398","2002-11-19","http://www.imdb.com/title/tt0307479/"
"132","tt1410063","Sun Dec 29 00:00:00 2013","","","The Flowers of War","Feature Film","Yimou Zhang","8","7.7","146","2011","drama, history, war","28163","2011-12-16","http://www.imdb.com/title/tt1410063/"
"133","tt0435705","Sun Dec 29 00:00:00 2013","","","Next","Feature Film","Lee Tamahori","6","6.2","96","2007","action, sci_fi, thriller","99180","2007-04-25","http://www.imdb.com/title/tt0435705/"
"134","tt0861739","Sun Dec 29 00:00:00 2013","","","Elite Squad","Feature Film","José Padilha","7","8.1","115","2007","action, crime, drama, thriller","61182","2007-08-17","http://www.imdb.com/title/tt0861739/"
"135","tt0079470","Sun Dec 29 00:00:00 2013","","","Life of Brian","Feature Film","Terry Jones","8","8.2","94","1979","comedy","196650","1979-08-17","http://www.imdb.com/title/tt0079470/"
"136","tt0389557","Sun Dec 29 00:00:00 2013","","","Black Book","Feature Film","Paul Verhoeven","6","7.9","145","2006","drama, thriller, war","50835","2006-09-01","http://www.imdb.com/title/tt0389557/"
"137","tt1266029","Sun Dec 29 00:00:00 2013","","","Nowhere Boy","Feature Film","Sam Taylor-Wood","5","7.2","98","2009","biography, drama, music","22264","2009-10-29","http://www.imdb.com/title/tt1266029/"
"138","tt0770802","Sun Dec 29 00:00:00 2013","","","Samsara","Documentary","Ron Fricke","8","8.4","102","2011","documentary","11445","2011-09-16","http://www.imdb.com/title/tt0770802/"
"139","tt0064276","Sun Dec 29 00:00:00 2013","","","Easy Rider","Feature Film","Dennis Hopper","8","7.4","95","1969","drama","60907","1969-05-08","http://www.imdb.com/title/tt0064276/"
"140","tt0481536","Sun Dec 29 00:00:00 2013","","","Harold & Kumar Escape from Guantanamo Bay","Feature Film","Jon Hurwitz, Hayden Schlossberg","5","6.7","114","2008","adventure, comedy","95516","2008-04-24","http://www.imdb.com/title/tt0481536/"
"141","tt0096332","Sun Dec 29 00:00:00 2013","","","The Unbearable Lightness of Being","Feature Film","Philip Kaufman","6","7.4","171","1988","drama, romance","21814","1988-02-05","http://www.imdb.com/title/tt0096332/"
"142","tt0093822","Sun Dec 29 00:00:00 2013","","","Raising Arizona","Feature Film","Joel Coen","7","7.5","94","1987","comedy, crime","80185","1987-03-06","http://www.imdb.com/title/tt0093822/"
"143","tt0056801","Sun Dec 29 00:00:00 2013","","","8½","Feature Film","Federico Fellini","8","8.2","138","1963","drama, fantasy","57846","1963-02-14","http://www.imdb.com/title/tt0056801/"
"144","tt0013442","Sun Dec 29 00:00:00 2013","","","Nosferatu","Feature Film","F.W. Murnau","6","8.0","94","1922","horror","55404","1922-02-17","http://www.imdb.com/title/tt0013442/"
"145","tt0053779","Sun Dec 29 00:00:00 2013","","","La Dolce Vita","Feature Film","Federico Fellini","8","8.1","174","1960","comedy, drama","35245","1960-02-03","http://www.imdb.com/title/tt0053779/"
"146","tt0469686","Sun Dec 29 00:00:00 2013","","","Dreaming Lhasa","Feature Film","Ritu Sarin, Tenzing Sonam","5","6.6","90","2005","adventure, drama, mystery","182","2005-09-12","http://www.imdb.com/title/tt0469686/"
"147","tt0051600","Sun Dec 29 00:00:00 2013","","","Fanfare","Feature Film","Bert Haanstra","6","7.6","86","1958","comedy, music","499","1958-10-24","http://www.imdb.com/title/tt0051600/"
"148","tt1588875","Fri Dec 27 00:00:00 2013","","","How I Ended This Summer","Feature Film","Aleksey Popogrebskiy","6","7.0","130","2010","action, drama","4078","2010-02-17","http://www.imdb.com/title/tt1588875/"
"149","tt0065622","Fri Dec 27 00:00:00 2013","","","The Decameron","Feature Film","Pier Paolo Pasolini","8","7.1","112","1971","comedy, drama","5194","1971-06-29","http://www.imdb.com/title/tt0065622/"
"150","tt1314280","Fri Dec 27 00:00:00 2013","","","Welcome","Feature Film","Philippe Lioret","5","7.6","110","2009","drama","4816","2009-02-07","http://www.imdb.com/title/tt1314280/"
"151","tt1680019","Fri Dec 27 00:00:00 2013","","","Tilt","Feature Film","Viktor Chouchkov","6","7.7","94","2011","drama, romance","2360","2011-01-28","http://www.imdb.com/title/tt1680019/"
"152","tt0488478","Fri Dec 27 00:00:00 2013","","","12","Feature Film","Nikita Mikhalkov","7","7.8","159","2007","crime, drama, thriller, war","9651","2007-09-07","http://www.imdb.com/title/tt0488478/"
"153","tt0081547","Fri Dec 27 00:00:00 2013","","","Spetters","Feature Film","Paul Verhoeven","6","6.6","120","1980","drama, romance, sport","3056","1980-02-28","http://www.imdb.com/title/tt0081547/"
"154","tt0107468","Fri Dec 27 00:00:00 2013","","","M. Butterfly","Feature Film","David Cronenberg","5","6.8","101","1993","drama, romance","5472","1993-09-09","http://www.imdb.com/title/tt0107468/"
"155","tt0468644","Fri Dec 27 00:00:00 2013","","","Love is All","Feature Film","Joram Lürsen","4","7.1","110","2007","comedy, romance","4958","2007-10-10","http://www.imdb.com/title/tt0468644/"
"156","tt1588895","Fri Dec 27 00:00:00 2013","","","Uncle Boonmee Who Can Recall His Past Lives","Feature Film","Apichatpong Weerasethakul","5","6.6","114","2010","drama, fantasy","6450","2010-05-21","http://www.imdb.com/title/tt1588895/"
"157","tt0456149","Fri Dec 27 00:00:00 2013","","","The Death of Mr. Lazarescu","Feature Film","Cristi Puiu","3","7.9","150","2005","drama","8558","2005-05-17","http://www.imdb.com/title/tt0456149/"
"158","tt1206488","Fri Dec 27 00:00:00 2013","","","The Milk of Sorrow","Feature Film","Claudia Llosa","6","6.7","95","2009","drama, music","4562","2009-02-12","http://www.imdb.com/title/tt1206488/"
"159","tt1135090","Fri Dec 27 00:00:00 2013","","","Katt Williams: American Hustle","Documentary","Brit McAdams","5","6.6","90","2007","documentary, comedy","659","2007-10-26","http://www.imdb.com/title/tt1135090/"
"160","tt1077262","Fri Dec 27 00:00:00 2013","","","Ajami","Feature Film","Scandar Copti, Yaron Shani","7","7.3","124","2009","crime, drama","4081","2009-05-22","http://www.imdb.com/title/tt1077262/"
"161","tt0060107","Fri Dec 27 00:00:00 2013","","","Andrei Rublev","Feature Film","Andrey Tarkovskiy","9","8.3","205","1966","biography, drama, history","18131","1966-12","http://www.imdb.com/title/tt0060107/"
"162","tt0067647","Fri Dec 27 00:00:00 2013","","","The Canterbury Tales","Feature Film","Pier Paolo Pasolini","7","6.4","112","1972","comedy, drama","3349","1972-07-02","http://www.imdb.com/title/tt0067647/"
"163","tt1827487","Fri Dec 27 00:00:00 2013","","","Once Upon a Time in Anatolia","Feature Film","Nuri Bilge Ceylan","5","7.8","150","2011","crime, drama","18363","2011-05-21","http://www.imdb.com/title/tt1827487/"
"164","tt1360860","Fri Dec 27 00:00:00 2013","","","About Elly","Feature Film","Asghar Farhadi","8","8.2","119","2009","drama, mystery","14484","2009-02-07","http://www.imdb.com/title/tt1360860/"
"165","tt0071502","Fri Dec 27 00:00:00 2013","","","Arabian Nights","Feature Film","Pier Paolo Pasolini","6","6.9","130","1974","comedy, drama, fantasy","3867","1974-05-20","http://www.imdb.com/title/tt0071502/"
"166","tt0758732","Fri Dec 27 00:00:00 2013","","","Beaufort","Feature Film","Joseph Cedar","7","6.8","131","2007","action, drama, war","3437","2007-02-14","http://www.imdb.com/title/tt0758732/"
"167","tt1288376","Fri Dec 27 00:00:00 2013","","","When We Leave","Feature Film","Feo Aladag","7","7.6","119","2010","drama","3342","2010-02-13","http://www.imdb.com/title/tt1288376/"
"168","tt0056111","Fri Dec 27 00:00:00 2013","","","Ivan's Childhood","Feature Film","Andrey Tarkovskiy","8","8.1","95","1962","drama, war","12754","1962-04-06","http://www.imdb.com/title/tt0056111/"
"169","tt1521848","Fri Dec 27 00:00:00 2013","","","Potiche","Feature Film","François Ozon","4","6.5","103","2010","comedy","6518","2010-09-04","http://www.imdb.com/title/tt1521848/"
"170","tt0066495","Fri Dec 27 00:00:00 2013","","","The Twelve Chairs","Feature Film","Mel Brooks","4","6.6","94","1970","adventure, comedy","3220","1970-10-28","http://www.imdb.com/title/tt0066495/"
"171","tt0098213","Fri Dec 27 00:00:00 2013","","","Roger & Me","Documentary","Michael Moore","5","7.5","91","1989","documentary","20144","1989-09-01","http://www.imdb.com/title/tt0098213/"
"172","tt0102181","Fri Dec 27 00:00:00 2013","","","Kafka","Feature Film","Steven Soderbergh","6","7.0","98","1991","comedy, drama, mystery, sci_fi, thriller","6624","1991-11-15","http://www.imdb.com/title/tt0102181/"
"173","tt1236371","Fri Dec 27 00:00:00 2013","","","Mysteries of Lisbon","Feature Film","Raúl Ruiz","5","7.5","272","2010","drama, mystery","1939","2010-09-12","http://www.imdb.com/title/tt1236371/"
"174","tt1173745","Fri Dec 27 00:00:00 2013","","","Revanche","Feature Film","Götz Spielmann","7","7.6","121","2008","crime, drama, romance, thriller","8811","2008-02-10","http://www.imdb.com/title/tt1173745/"
"175","tt1230194","Fri Dec 27 00:00:00 2013","","","The Storm","Feature Film","Ben Sombogaart","5","6.1","96","2009","drama","1876","2009-09-11","http://www.imdb.com/title/tt1230194/"
"176","tt0074811","Fri Dec 27 00:00:00 2013","","","The Tenant","Feature Film","Roman Polanski","7","7.8","126","1976","mystery, thriller","20905","1976-05-26","http://www.imdb.com/title/tt0074811/"
"177","tt0113819","Fri Dec 27 00:00:00 2013","","","Mighty Aphrodite","Feature Film","Woody Allen","6","7.1","95","1995","comedy, fantasy, romance","25738","1995-09-13","http://www.imdb.com/title/tt0113819/"
"178","tt0136244","Fri Dec 27 00:00:00 2013","","","Hideous Kinky","Feature Film","Gillies MacKinnon","6","6.1","98","1998","drama, romance","4761","1998-10-02","http://www.imdb.com/title/tt0136244/"
"179","tt0057831","Fri Dec 27 00:00:00 2013","","","Zorba the Greek","Feature Film","Michael Cacoyannis","8","7.8","142","1964","adventure, drama","12332","1964-12-14","http://www.imdb.com/title/tt0057831/"
"180","tt0101829","Fri Dec 27 00:00:00 2013","","","Europa","Feature Film","Lars von Trier","7","7.7","112","1991","drama","12973","1991-05-12","http://www.imdb.com/title/tt0101829/"
"181","tt0808417","Fri Dec 27 00:00:00 2013","","","Persepolis","Feature Film","Vincent Paronnaud, Marjane Satrapi","8","8.0","96","2007","animation, biography, drama, war","55088","2007-05-23","http://www.imdb.com/title/tt0808417/"
"182","tt0340012","Fri Dec 27 00:00:00 2013","","","Being Julia","Feature Film","István Szabó","6","7.2","104","2004","comedy, drama, romance","9476","2004-09-03","http://www.imdb.com/title/tt0340012/"
"183","tt0073312","Fri Dec 27 00:00:00 2013","","","Love and Death","Feature Film","Woody Allen","8","7.8","85","1975","comedy, war","21126","1975-06-10","http://www.imdb.com/title/tt0073312/"
"184","tt0096257","Fri Dec 27 00:00:00 2013","","","The Thin Blue Line","Documentary","Errol Morris","6","8.1","103","1988","documentary, crime, mystery","10050","1988-08-25","http://www.imdb.com/title/tt0096257/"
"185","tt0086637","Fri Dec 27 00:00:00 2013","","","Zelig","Feature Film","Woody Allen","5","7.8","79","1983","comedy, fantasy","24692","1983-07-15","http://www.imdb.com/title/tt0086637/"
"186","tt1518812","Fri Dec 27 00:00:00 2013","","","Meek's Cutoff","Feature Film","Kelly Reichardt","4","6.5","104","2010","drama, western","6283","2010-09-05","http://www.imdb.com/title/tt1518812/"
"187","tt1124052","Fri Dec 27 00:00:00 2013","","","City of Life and Death","Feature Film","Chuan Lu","9","7.7","132","2009","drama, history, war","6791","2009-04-22","http://www.imdb.com/title/tt1124052/"
"188","tt0287467","Fri Dec 27 00:00:00 2013","","","Talk to Her","Feature Film","Pedro Almodóvar","7","8.0","112","2002","comedy, drama, romance","72386","2002-03-15","http://www.imdb.com/title/tt0287467/"
"189","tt1234654","Fri Dec 27 00:00:00 2013","","","Greenberg","Feature Film","Noah Baumbach","3","6.1","107","2010","comedy, drama, romance","23563","2010-02-14","http://www.imdb.com/title/tt1234654/"
"190","tt0072684","Fri Dec 27 00:00:00 2013","","","Barry Lyndon","Feature Film","Stanley Kubrick","9","8.1","184","1975","adventure, drama, romance, war","74016","1975-12-18","http://www.imdb.com/title/tt0072684/"
"191","tt0790712","Fri Dec 27 00:00:00 2013","","","The Messenger","Feature Film","Oren Moverman","6","7.2","113","2009","drama, romance, war","24901","2009-01-19","http://www.imdb.com/title/tt0790712/"
"192","tt1996310","Fri Dec 27 00:00:00 2013","","","Lore","Feature Film","Cate Shortland","7","7.2","109","2012","drama, thriller, war","6956","2012-06-09","http://www.imdb.com/title/tt1996310/"
"193","tt1149362","Fri Dec 27 00:00:00 2013","","","The White Ribbon","Feature Film","Michael Haneke","8","7.8","144","2009","drama, mystery","41157","2009-05-21","http://www.imdb.com/title/tt1149362/"
"194","tt0079367","Fri Dec 27 00:00:00 2013","","","The Jerk","Feature Film","Carl Reiner","2","7.2","94","1979","comedy","34479","1979-12-14","http://www.imdb.com/title/tt0079367/"
"195","tt0154421","Fri Dec 27 00:00:00 2013","","","The Idiots","Feature Film","","7","6.9","117","1998","comedy, drama","18854","1998-05-20","http://www.imdb.com/title/tt0154421/"
"196","tt0094964","Fri Dec 27 00:00:00 2013","","","Dead Ringers","Feature Film","David Cronenberg","5","7.4","116","1988","drama, thriller","22481","1988-09-08","http://www.imdb.com/title/tt0094964/"
"197","tt1645089","Fri Dec 27 00:00:00 2013","","","Inside Job","Documentary","Charles Ferguson","7","8.3","105","2010","documentary, crime","41439","2010-02-02","http://www.imdb.com/title/tt1645089/"
"198","tt1035736","Fri Dec 27 00:00:00 2013","","","Coco Before Chanel","Feature Film","Anne Fontaine","6","6.7","105","2009","biography, drama","24577","2009-04-22","http://www.imdb.com/title/tt1035736/"
"199","tt0379889","Fri Dec 27 00:00:00 2013","","","The Merchant of Venice","Feature Film","Michael Radford","7","7.1","138","2004","drama, romance","25189","2004-09-03","http://www.imdb.com/title/tt0379889/"
"200","tt0086541","Fri Dec 27 00:00:00 2013","","","Videodrome","Feature Film","David Cronenberg","7","7.3","87","1983","horror, sci_fi","44437","1983-02-04","http://www.imdb.com/title/tt0086541/"
"201","tt0857191","Fri Dec 27 00:00:00 2013","","","The Visitor","Feature Film","Tom McCarthy","5","7.7","104","2007","crime, drama, music, romance","32428","2007-09-07","http://www.imdb.com/title/tt0857191/"
"202","tt0824758","Fri Dec 27 00:00:00 2013","","","The Last Station","Feature Film","Michael Hoffman","7","7.1","112","2009","biography, drama, romance","12527","2009-09-04","http://www.imdb.com/title/tt0824758/"
"203","tt0342735","Fri Dec 27 00:00:00 2013","","","Manderlay","Feature Film","Lars Von Trier","9","7.4","139","2005","drama","15287","2005-05-16","http://www.imdb.com/title/tt0342735/"
"204","tt1821593","Fri Dec 27 00:00:00 2013","","","Bullhead","Feature Film","Michaël R. Roskam","8","7.4","129","2011","crime, drama","12629","2011-02-02","http://www.imdb.com/title/tt1821593/"
"205","tt0412536","Fri Dec 27 00:00:00 2013","","","Brideshead Revisited","Feature Film","Julian Jarrold","6","6.7","133","2008","drama, romance","8171","2008-07-25","http://www.imdb.com/title/tt0412536/"
"206","tt0765432","Fri Dec 27 00:00:00 2013","","","The Baader Meinhof Complex","Feature Film","Uli Edel","7","7.4","150","2008","action, biography, crime, drama, history","23511","2008-09-16","http://www.imdb.com/title/tt0765432/"
"207","tt0978759","Fri Dec 27 00:00:00 2013","","","Frozen River","Feature Film","Courtney Hunt","7","7.2","97","2008","crime, drama","18977","2008-01-18","http://www.imdb.com/title/tt0978759/"
"208","tt0405508","Fri Dec 27 00:00:00 2013","","","Rang De Basanti","Feature Film","Rakesh Omprakash Mehra","4","8.6","157","2006","drama, history","35501","2006-01-26","http://www.imdb.com/title/tt0405508/"
"209","tt0416044","Fri Dec 27 00:00:00 2013","","","Mongol: The Rise of Genghis Khan","Feature Film","Sergey Bodrov","7","7.3","126","2007","biography, drama, history, war","31743","2007-08-10","http://www.imdb.com/title/tt0416044/"
"210","tt1185616","Fri Dec 27 00:00:00 2013","","","Waltz with Bashir","Documentary","Ari Folman","8","8.0","90","2008","documentary, animation, biography, drama, war","37271","2008-05-15","http://www.imdb.com/title/tt1185616/"
"211","tt1590024","Fri Dec 27 00:00:00 2013","","","If I Want to Whistle, I Whistle","Feature Film","Florin Serban","7","7.2","94","2010","drama","4358","2010-02-13","http://www.imdb.com/title/tt1590024/"
"212","tt0112379","Fri Dec 27 00:00:00 2013","","","Antonia's Line","Feature Film","Marleen Gorris","7","7.5","102","1995","comedy, drama","6020","1995-09-12","http://www.imdb.com/title/tt0112379/"
"213","tt0082661","Fri Dec 27 00:00:00 2013","","","Lili Marleen","Feature Film","Rainer Werner Fassbinder","5","7.2","120","1981","drama, music, romance, war","2237","1981-01-14","http://www.imdb.com/title/tt0082661/"
"214","tt0392433","Fri Dec 27 00:00:00 2013","","","Medici: Godfathers of the Renaissance","TV Series","","4","7.8","220","2004","documentary, biography, history","248","2004-02-04","http://www.imdb.com/title/tt0392433/"
"215","tt1094594","Fri Dec 27 00:00:00 2013","","","Heima","Documentary","Dean DeBlois","6","8.6","97","2007","documentary, music","6153","2007-09-27","http://www.imdb.com/title/tt1094594/"
"216","tt0108515","Fri Dec 27 00:00:00 2013","","","The War Room","Documentary","Chris Hegedus, D.A. Pennebaker","6","7.5","96","1993","documentary, history","2305","1993-09-14","http://www.imdb.com/title/tt0108515/"
"217","tt0944947","Fri Dec 27 00:00:00 2013","","","Game of Thrones","TV Series","","8","9.5","60","2011","adventure, drama, fantasy","517342","2011-04-17","http://www.imdb.com/title/tt0944947/"
"218","tt1392214","Fri Dec 27 00:00:00 2013","","","Prisoners","Feature Film","Denis Villeneuve","8","8.1","153","2013","crime, drama, thriller","172541","2013-08-30","http://www.imdb.com/title/tt1392214/"
"219","tt1442437","Fri Dec 27 00:00:00 2013","","","Modern Family","TV Series","","8","8.7","30","2009","comedy","148514","2009-09-23","http://www.imdb.com/title/tt1442437/"
"220","tt1979320","Fri Dec 27 00:00:00 2013","","","Rush","Feature Film","Ron Howard","7","8.3","123","2013","action, biography, drama, sport","131759","2013-09-02","http://www.imdb.com/title/tt1979320/"
"221","tt1392170","Fri Dec 27 00:00:00 2013","","","The Hunger Games","Feature Film","Gary Ross","6","7.3","142","2012","adventure, sci_fi, thriller","467953","2012-03-12","http://www.imdb.com/title/tt1392170/"
"222","tt0848228","Fri Dec 27 00:00:00 2013","","","The Avengers","Feature Film","Joss Whedon","6","8.2","143","2012","action, fantasy","629430","2012-04-11","http://www.imdb.com/title/tt0848228/"
"223","tt0120338","Fri Dec 27 00:00:00 2013","","","Titanic","Feature Film","James Cameron","6","7.7","194","1997","drama, romance","556987","1997-11-01","http://www.imdb.com/title/tt0120338/"
"224","tt1045658","Fri Dec 27 00:00:00 2013","","","Silver Linings Playbook","Feature Film","David O. Russell","6","7.9","122","2012","comedy, drama, romance","344921","2012-09-08","http://www.imdb.com/title/tt1045658/"
"225","tt0361748","Fri Dec 27 00:00:00 2013","","","Inglourious Basterds","Feature Film","Quentin Tarantino","6","8.3","153","2009","adventure, drama, war","554631","2009-05-20","http://www.imdb.com/title/tt0361748/"
"226","tt1375666","Fri Dec 27 00:00:00 2013","","","Inception","Feature Film","Christopher Nolan","8","8.8","148","2010","action, adventure, mystery, sci_fi, thriller","929385","2010-07-08","http://www.imdb.com/title/tt1375666/"
"227","tt1853728","Fri Dec 27 00:00:00 2013","","","Django Unchained","Feature Film","Quentin Tarantino","8","8.5","165","2012","adventure, drama, western","554640","2012-12-25","http://www.imdb.com/title/tt1853728/"
"228","tt0800369","Fri Dec 27 00:00:00 2013","","","Thor","Feature Film","Kenneth Branagh","4","7.0","115","2011","action, adventure, fantasy","337331","2011-04-21","http://www.imdb.com/title/tt0800369/"
"229","tt0169547","Fri Dec 27 00:00:00 2013","","","American Beauty","Feature Film","Sam Mendes","8","8.5","122","1999","drama","596745","1999-09-08","http://www.imdb.com/title/tt0169547/"
"230","tt0467406","Fri Dec 27 00:00:00 2013","","","Juno","Feature Film","Jason Reitman","7","7.6","96","2007","comedy, drama, romance","320660","2007-09-01","http://www.imdb.com/title/tt0467406/"
"231","tt0407887","Fri Dec 27 00:00:00 2013","","","The Departed","Feature Film","Martin Scorsese","7","8.5","151","2006","crime, drama, thriller","591230","2006-09-26","http://www.imdb.com/title/tt0407887/"
"232","tt0903624","Fri Dec 27 00:00:00 2013","","","The Hobbit: An Unexpected Journey","Feature Film","Peter Jackson","8","8.1","169","2012","adventure, fantasy","432617","2012-11-28","http://www.imdb.com/title/tt0903624/"
"233","tt0054215","Fri Dec 27 00:00:00 2013","","","Psycho","Feature Film","Alfred Hitchcock","9","8.6","109","1960","horror, mystery, thriller","293273","1960-06-16","http://www.imdb.com/title/tt0054215/"
"234","tt0182576","Fri Dec 27 00:00:00 2013","","","Family Guy","TV Series","","8","8.5","22","1999","animation, comedy","165554","1999-01-31","http://www.imdb.com/title/tt0182576/"
"235","tt1815862","Fri Dec 27 00:00:00 2013","","","After Earth","Feature Film","M. Night Shyamalan","6","5.0","100","2013","action, adventure, sci_fi","106145","2013-05-01","http://www.imdb.com/title/tt1815862/"
"236","tt0097841","Fri Dec 27 00:00:00 2013","","","Marrakech Express","Feature Film","Gabriele Salvatores","3","7.4","110","1989","adventure, comedy","1138","1989","http://www.imdb.com/title/tt0097841/"
"237","tt1707386","Fri Dec 27 00:00:00 2013","","","Les Misérables","Feature Film","Tom Hooper","4","7.7","158","2012","drama, musical, romance","175743","2012-12-05","http://www.imdb.com/title/tt1707386/"
"238","tt1570728","Fri Dec 27 00:00:00 2013","","","Crazy, Stupid, Love.","Feature Film","Glenn Ficarra, John Requa","3","7.5","118","2011","comedy, drama, romance","272437","2011-07-28","http://www.imdb.com/title/tt1570728/"
"239","tt0109830","Fri Dec 27 00:00:00 2013","","","Forrest Gump","Feature Film","Robert Zemeckis","8","8.8","142","1994","drama, romance","788100","1994-06-23","http://www.imdb.com/title/tt0109830/"
"240","tt1446714","Fri Dec 27 00:00:00 2013","","","Prometheus","Feature Film","Ridley Scott","6","7.1","124","2012","adventure, mystery, sci_fi","337721","2012-05-30","http://www.imdb.com/title/tt1446714/"
"241","tt0499549","Fri Dec 27 00:00:00 2013","","","Avatar","Feature Film","James Cameron","7","8.0","162","2009","action, adventure, fantasy, sci_fi","653465","2009-12-10","http://www.imdb.com/title/tt0499549/"
"242","tt0816711","Fri Dec 27 00:00:00 2013","","","World War Z","Feature Film","Marc Forster","5","7.1","116","2013","action, adventure, horror, sci_fi, thriller","273579","2013-06-02","http://www.imdb.com/title/tt0816711/"
"243","tt1403865","Fri Dec 27 00:00:00 2013","","","True Grit","Feature Film","Ethan Coen, Joel Coen","7","7.7","110","2010","adventure, drama, western","184534","2010-12-14","http://www.imdb.com/title/tt1403865/"
"244","tt0180093","Fri Dec 27 00:00:00 2013","","","Requiem for a Dream","Feature Film","Darren Aronofsky","10","8.4","102","2000","drama","409045","2000-05-14","http://www.imdb.com/title/tt0180093/"
"245","tt0108052","Fri Dec 27 00:00:00 2013","","","Schindler's List","Feature Film","Steven Spielberg","9","8.9","195","1993","biography, drama, history","592232","1993-11-30","http://www.imdb.com/title/tt0108052/"
"246","tt1024648","Fri Dec 27 00:00:00 2013","","","Argo","Feature Film","Ben Affleck","7","7.8","120","2012","biography, drama, history, thriller","302250","2012-08-31","http://www.imdb.com/title/tt1024648/"
"247","tt1568346","Fri Dec 27 00:00:00 2013","","","The Girl with the Dragon Tattoo","Feature Film","David Fincher","7","7.9","158","2011","crime, drama, mystery, thriller","242707","2011-12-12","http://www.imdb.com/title/tt1568346/"
"248","tt0172495","Fri Dec 27 00:00:00 2013","","","Gladiator","Feature Film","Ridley Scott","8","8.5","155","2000","action, adventure, drama","653265","2000-05-01","http://www.imdb.com/title/tt0172495/"
"249","tt0947798","Fri Dec 27 00:00:00 2013","","","Black Swan","Feature Film","Darren Aronofsky","8","8.1","108","2010","drama, mystery, thriller","408216","2010-09-01","http://www.imdb.com/title/tt0947798/"
"250","tt0118715","Fri Dec 27 00:00:00 2013","","","The Big Lebowski","Feature Film","Joel Coen","7","8.2","117","1998","comedy, crime","376650","1998-02-15","http://www.imdb.com/title/tt0118715/"
"251","tt0102926","Fri Dec 27 00:00:00 2013","","","The Silence of the Lambs","Feature Film","Jonathan Demme","8","8.6","118","1991","crime, drama, thriller","576398","1991-01-30","http://www.imdb.com/title/tt0102926/"
"252","tt1790885","Fri Dec 27 00:00:00 2013","","","Zero Dark Thirty","Feature Film","Kathryn Bigelow","7","7.5","157","2012","drama, history, thriller","158594","2012-12-19","http://www.imdb.com/title/tt1790885/"
"253","tt1478338","Fri Dec 27 00:00:00 2013","","","Bridesmaids","Feature Film","Paul Feig","4","6.9","125","2011","comedy, romance","165351","2011-04-28","http://www.imdb.com/title/tt1478338/"
"254","tt1074638","Fri Dec 27 00:00:00 2013","","","Skyfall","Feature Film","Sam Mendes","7","7.8","143","2012","action, adventure, thriller","374080","2012-10-23","http://www.imdb.com/title/tt1074638/"
"255","tt1454029","Fri Dec 27 00:00:00 2013","","","The Help","Feature Film","Tate Taylor","8","8.1","146","2011","drama","215764","2011-08-09","http://www.imdb.com/title/tt1454029/"
"256","tt0317705","Fri Dec 27 00:00:00 2013","","","The Incredibles","Feature Film","Brad Bird","6","8.0","115","2004","animation, action, adventure, family","334780","2004-10-27","http://www.imdb.com/title/tt0317705/"
"257","tt1049413","Fri Dec 27 00:00:00 2013","","","Up","Feature Film","Pete Docter, Bob Peterson","7","8.3","96","2009","animation, adventure, drama, family, fantasy","419987","2009-05-13","http://www.imdb.com/title/tt1049413/"
"258","tt0066921","Fri Dec 27 00:00:00 2013","","","A Clockwork Orange","Feature Film","Stanley Kubrick","9","8.4","136","1971","crime, drama, sci_fi","383100","1971-12-19","http://www.imdb.com/title/tt0066921/"
"259","tt1675434","Fri Dec 27 00:00:00 2013","","","The Intouchables","Feature Film","Olivier Nakache, Eric Toledano","5","8.6","112","2011","biography, comedy, drama","278888","2011-09-23","http://www.imdb.com/title/tt1675434/"
"260","tt0167260","Fri Dec 27 00:00:00 2013","","","The Lord of the Rings: The Return of the King","Feature Film","Peter Jackson","9","8.9","201","2003","action, adventure, fantasy","835459","2003-12-01","http://www.imdb.com/title/tt0167260/"
"261","tt0443272","Fri Dec 27 00:00:00 2013","","","Lincoln","Feature Film","Steven Spielberg","6","7.5","150","2012","biography, drama, history, war","143282","2012-10-08","http://www.imdb.com/title/tt0443272/"
"262","tt1735898","Fri Dec 27 00:00:00 2013","","","Snow White and the Huntsman","Feature Film","Rupert Sanders","4","6.2","127","2012","adventure, drama, fantasy","171148","2012-05-30","http://www.imdb.com/title/tt1735898/"
"263","tt0121955","Fri Dec 27 00:00:00 2013","","","South Park","TV Series","","7","8.9","22","1997","animation, comedy","157335","1997-08-13","http://www.imdb.com/title/tt0121955/"
"264","tt0120663","Fri Dec 27 00:00:00 2013","","","Eyes Wide Shut","Feature Film","Stanley Kubrick","7","7.3","159","1999","drama, mystery, thriller","178099","1999-07-13","http://www.imdb.com/title/tt0120663/"
"265","tt0758758","Fri Dec 27 00:00:00 2013","","","Into the Wild","Feature Film","Sean Penn","7","8.2","148","2007","adventure, biography, drama","289140","2007-09-01","http://www.imdb.com/title/tt0758758/"
"266","tt1907668","Fri Dec 27 00:00:00 2013","","","Flight","Feature Film","Robert Zemeckis","7","7.3","138","2012","drama, thriller","189237","2012-10-14","http://www.imdb.com/title/tt1907668/"
"267","tt0477348","Fri Dec 27 00:00:00 2013","","","No Country for Old Men","Feature Film","Ethan Coen, Joel Coen","7","8.2","122","2007","crime, drama, thriller","429467","2007-05-19","http://www.imdb.com/title/tt0477348/"
"268","tt1605783","Fri Dec 27 00:00:00 2013","","","Midnight in Paris","Feature Film","Woody Allen","4","7.7","94","2011","comedy, fantasy, romance","218334","2011-05-11","http://www.imdb.com/title/tt1605783/"
"269","tt0073486","Fri Dec 27 00:00:00 2013","","","One Flew Over the Cuckoo's Nest","Feature Film","Milos Forman","8","8.8","133","1975","drama","486257","1975-11-19","http://www.imdb.com/title/tt0073486/"
"270","tt0081505","Fri Dec 27 00:00:00 2013","","","The Shining","Feature Film","Stanley Kubrick","10","8.5","144","1980","horror, mystery","413485","1980-05-23","http://www.imdb.com/title/tt0081505/"
"271","tt0093058","Fri Dec 27 00:00:00 2013","","","Full Metal Jacket","Feature Film","Stanley Kubrick","9","8.4","116","1987","drama, war","330882","1987-06-17","http://www.imdb.com/title/tt0093058/"
"272","tt1014759","Fri Dec 27 00:00:00 2013","","","Alice in Wonderland","Feature Film","Tim Burton","7","6.5","108","2010","adventure, family, fantasy","226138","2010-03-03","http://www.imdb.com/title/tt1014759/"
"273","tt1781769","Fri Dec 27 00:00:00 2013","","","Anna Karenina","Feature Film","Joe Wright","6","6.6","129","2012","drama","47601","2012-09-07","http://www.imdb.com/title/tt1781769/"
"274","tt0918927","Fri Dec 27 00:00:00 2013","","","Doubt","Feature Film","John Patrick Shanley","7","7.5","104","2008","drama, mystery","79879","2008-10-30","http://www.imdb.com/title/tt0918927/"
"275","tt1285016","Fri Dec 27 00:00:00 2013","","","The Social Network","Feature Film","David Fincher","6","7.8","120","2010","biography, drama","331840","2010-09-24","http://www.imdb.com/title/tt1285016/"
"276","tt0361862","Fri Dec 27 00:00:00 2013","","","The Machinist","Feature Film","Brad Anderson","7","7.8","101","2004","drama, thriller","209779","2004-01-18","http://www.imdb.com/title/tt0361862/"
"277","tt0469494","Fri Dec 27 00:00:00 2013","","","There Will Be Blood","Feature Film","Paul Thomas Anderson","8","8.1","158","2007","drama","270222","2007-09-27","http://www.imdb.com/title/tt0469494/"
"278","tt1210166","Fri Dec 27 00:00:00 2013","","","Moneyball","Feature Film","Bennett Miller","6","7.6","133","2011","biography, drama, sport","217556","2011-09-09","http://www.imdb.com/title/tt1210166/"
"279","tt0375679","Fri Dec 27 00:00:00 2013","","","Crash","Feature Film","Paul Haggis","7","7.9","112","2004","drama","303608","2004-09-10","http://www.imdb.com/title/tt0375679/"
"280","tt0268978","Fri Dec 27 00:00:00 2013","","","A Beautiful Mind","Feature Film","Ron Howard","8","8.2","135","2001","biography, drama","384339","2001-12-13","http://www.imdb.com/title/tt0268978/"
"281","tt0206634","Fri Dec 27 00:00:00 2013","","","Children of Men","Feature Film","Alfonso Cuarón","8","7.9","109","2006","drama, sci_fi, thriller","292378","2006-09-03","http://www.imdb.com/title/tt0206634/"
"282","tt0112573","Fri Dec 27 00:00:00 2013","","","Braveheart","Feature Film","Mel Gibson","7","8.4","177","1995","action, biography, drama, history, war","518303","1995-05-18","http://www.imdb.com/title/tt0112573/"
"283","tt0454876","Fri Dec 27 00:00:00 2013","","","Life of Pi","Feature Film","Ang Lee","8","8.1","127","2012","adventure, drama, fantasy","293271","2012-09-28","http://www.imdb.com/title/tt0454876/"
"284","tt1318514","Fri Dec 27 00:00:00 2013","","","Rise of the Planet of the Apes","Feature Film","Rupert Wyatt","6","7.6","105","2011","action, drama, sci_fi, thriller","269851","2011-08-03","http://www.imdb.com/title/tt1318514/"
"285","tt1124035","Fri Dec 27 00:00:00 2013","","","The Ides of March","Feature Film","George Clooney","5","7.2","101","2011","drama","152563","2011-08-31","http://www.imdb.com/title/tt1124035/"
"286","tt0878804","Fri Dec 27 00:00:00 2013","","","The Blind Side","Feature Film","John Lee Hancock","5","7.7","129","2009","biography, drama, sport","151983","2009-11-17","http://www.imdb.com/title/tt0878804/"
"287","tt0421715","Fri Dec 27 00:00:00 2013","","","The Curious Case of Benjamin Button","Feature Film","David Fincher","7","7.8","166","2008","drama, fantasy, romance","334689","2008-12-10","http://www.imdb.com/title/tt0421715/"
"288","tt0357413","Fri Dec 27 00:00:00 2013","","","Anchorman: The Legend of Ron Burgundy","Feature Film","Adam McKay","4","7.3","94","2004","comedy","192922","2004-06-28","http://www.imdb.com/title/tt0357413/"
"289","tt0942385","Fri Dec 27 00:00:00 2013","","","Tropic Thunder","Feature Film","Ben Stiller","5","7.0","107","2008","action, comedy","237026","2008-08-13","http://www.imdb.com/title/tt0942385/"
"290","tt1033575","Fri Dec 27 00:00:00 2013","","","The Descendants","Feature Film","Alexander Payne","5","7.4","115","2011","comedy, drama","161199","2011-09-02","http://www.imdb.com/title/tt1033575/"
"291","tt0988045","Fri Dec 27 00:00:00 2013","","","Sherlock Holmes","Feature Film","Guy Ritchie","7","7.6","128","2009","action, adventure, crime, mystery, thriller","343958","2009-12-24","http://www.imdb.com/title/tt0988045/"
"292","tt0433035","Fri Dec 27 00:00:00 2013","","","Real Steel","Feature Film","Shawn Levy","4","7.1","127","2011","action, drama, sci_fi, sport","192315","2011-09-06","http://www.imdb.com/title/tt0433035/"
"293","tt0080339","Fri Dec 27 00:00:00 2013","","","Airplane!","Feature Film","Jim Abrahams, David Zucker","4","7.8","88","1980","comedy","120724","1980-07-02","http://www.imdb.com/title/tt0080339/"
"294","tt1568911","Fri Dec 27 00:00:00 2013","","","War Horse","Feature Film","Steven Spielberg","5","7.3","146","2011","drama, war","86859","2011-12-04","http://www.imdb.com/title/tt1568911/"
"295","tt1399683","Fri Dec 27 00:00:00 2013","","","Winter's Bone","Feature Film","Debra Granik","7","7.2","100","2010","drama","87599","2010-01-21","http://www.imdb.com/title/tt1399683/"
"296","tt1527186","Fri Dec 27 00:00:00 2013","","","Melancholia","Feature Film","Lars von Trier","7","7.1","136","2011","drama, sci_fi","92922","2011-05-18","http://www.imdb.com/title/tt1527186/"
"297","tt0910970","Fri Dec 27 00:00:00 2013","","","WALL·E","Feature Film","Andrew Stanton","8","8.5","98","2008","animation, adventure, family, romance, sci_fi","470633","2008-06-23","http://www.imdb.com/title/tt0910970/"
"298","tt1542344","Fri Dec 27 00:00:00 2013","","","127 Hours","Feature Film","Danny Boyle","7","7.7","94","2010","adventure, biography, drama, thriller","207141","2010-09-04","http://www.imdb.com/title/tt1542344/"
"299","tt1193138","Fri Dec 27 00:00:00 2013","","","Up in the Air","Feature Film","Jason Reitman","7","7.5","109","2009","drama, romance","216833","2009-09-05","http://www.imdb.com/title/tt1193138/"
"300","tt0075148","Fri Dec 27 00:00:00 2013","","","Rocky","Feature Film","John G. Avildsen","7","8.1","119","1976","drama, sport","240832","1976-11-21","http://www.imdb.com/title/tt0075148/"
"301","tt0478304","Fri Dec 27 00:00:00 2013","","","The Tree of Life","Feature Film","Terrence Malick","3","6.7","139","2011","drama, fantasy","107684","2011-05-16","http://www.imdb.com/title/tt0478304/"
"302","tt0405159","Fri Dec 27 00:00:00 2013","","","Million Dollar Baby","Feature Film","Clint Eastwood","7","8.1","132","2004","drama, sport","330367","2004-12-15","http://www.imdb.com/title/tt0405159/"
"303","tt1340800","Fri Dec 27 00:00:00 2013","","","Tinker Tailor Soldier Spy","Feature Film","Tomas Alfredson","6","7.1","127","2011","drama, mystery, thriller","113880","2011-09-05","http://www.imdb.com/title/tt1340800/"
"304","tt1601913","Fri Dec 27 00:00:00 2013","","","The Grey","Feature Film","Joe Carnahan","5","6.8","117","2011","action, adventure, drama, thriller","155233","2011-12-11","http://www.imdb.com/title/tt1601913/"
"305","tt1136608","Fri Dec 27 00:00:00 2013","","","District 9","Feature Film","Neill Blomkamp","6","8.0","112","2009","action, sci_fi, thriller","413076","2009-08-13","http://www.imdb.com/title/tt1136608/"
"306","tt0887912","Fri Dec 27 00:00:00 2013","","","The Hurt Locker","Feature Film","Kathryn Bigelow","7","7.6","131","2008","drama, thriller, war","235132","2008-09-04","http://www.imdb.com/title/tt0887912/"
"307","tt0091763","Fri Dec 27 00:00:00 2013","","","Platoon","Feature Film","Oliver Stone","8","8.2","120","1986","action, drama, war","215657","1986-12-19","http://www.imdb.com/title/tt0091763/"
"308","tt1010048","Fri Dec 27 00:00:00 2013","","","Slumdog Millionaire","Feature Film","Danny Boyle, Loveleen Tandan","8","8.1","120","2008","drama, romance, thriller","464714","2008-08-30","http://www.imdb.com/title/tt1010048/"
"309","tt0399201","Fri Dec 27 00:00:00 2013","","","The Island","Feature Film","Michael Bay","6","6.9","136","2005","action, adventure, sci_fi, thriller","216162","2005-07-11","http://www.imdb.com/title/tt0399201/"
"310","tt1504320","Fri Dec 27 00:00:00 2013","","","The King's Speech","Feature Film","Tom Hooper","6","8.1","118","2010","biography, drama, history","320826","2010-09-06","http://www.imdb.com/title/tt1504320/"
"311","tt1645170","Fri Dec 27 00:00:00 2013","","","The Dictator","Feature Film","Larry Charles","7","6.4","83","2012","comedy","157222","2012-05-16","http://www.imdb.com/title/tt1645170/"
"312","tt1334260","Fri Dec 27 00:00:00 2013","","","Never Let Me Go","Feature Film","Mark Romanek","6","7.2","103","2010","drama, romance, sci_fi","80640","2010-09-03","http://www.imdb.com/title/tt1334260/"
"313","tt0440963","Fri Dec 27 00:00:00 2013","","","The Bourne Ultimatum","Feature Film","Paul Greengrass","7","8.1","115","2007","action, crime, thriller","347426","2007-07-25","http://www.imdb.com/title/tt0440963/"
"314","tt0382932","Fri Dec 27 00:00:00 2013","","","Ratatouille","Feature Film","Brad Bird, Jan Pinkava","7","8.0","111","2007","animation, comedy, family, fantasy","337827","2007-06-22","http://www.imdb.com/title/tt0382932/"
"315","tt0780536","Fri Dec 27 00:00:00 2013","","","In Bruges","Feature Film","Martin McDonagh","6","8.0","107","2008","comedy, crime, drama, thriller","240939","2008-01-17","http://www.imdb.com/title/tt0780536/"
"316","tt1615147","Fri Dec 27 00:00:00 2013","","","Margin Call","Feature Film","J.C. Chandor","5","7.1","107","2011","drama, thriller","67630","2011-01-25","http://www.imdb.com/title/tt1615147/"
"317","tt0497465","Fri Dec 27 00:00:00 2013","","","Vicky Cristina Barcelona","Feature Film","Woody Allen","5","7.2","96","2008","drama, romance","147354","2008-05-17","http://www.imdb.com/title/tt0497465/"
"318","tt0086879","Fri Dec 27 00:00:00 2013","","","Amadeus","Feature Film","Milos Forman","8","8.4","160","1984","biography, drama, music","196226","1984-09-06","http://www.imdb.com/title/tt0086879/"
"319","tt0976051","Fri Dec 27 00:00:00 2013","","","The Reader","Feature Film","Stephen Daldry","8","7.6","124","2008","drama, romance","147615","2008-12-10","http://www.imdb.com/title/tt0976051/"
"320","tt0077416","Fri Dec 27 00:00:00 2013","","","The Deer Hunter","Feature Film","Michael Cimino","9","8.2","182","1978","drama, war","172979","1978-12-08","http://www.imdb.com/title/tt0077416/"
"321","tt0095953","Fri Dec 27 00:00:00 2013","","","Rain Man","Feature Film","Barry Levinson","8","8.0","133","1988","drama","304999","1988-12-12","http://www.imdb.com/title/tt0095953/"
"322","tt0080678","Fri Dec 27 00:00:00 2013","","","The Elephant Man","Feature Film","David Lynch","6","8.3","124","1980","biography, drama","118907","1980-10-03","http://www.imdb.com/title/tt0080678/"
"323","tt1189073","Fri Dec 27 00:00:00 2013","","","The Skin I Live In","Feature Film","Pedro Almodóvar","6","7.6","120","2011","drama, horror, thriller","74747","2011-05-19","http://www.imdb.com/title/tt1189073/"
"324","tt1655442","Fri Dec 27 00:00:00 2013","","","The Artist","Feature Film","Michel Hazanavicius","6","8.0","100","2011","comedy, drama, romance","145048","2011-05-15","http://www.imdb.com/title/tt1655442/"
"325","tt1242460","Fri Dec 27 00:00:00 2013","","","We Need to Talk About Kevin","Feature Film","Lynne Ramsay","6","7.5","112","2011","drama, thriller","64789","2011-05-12","http://www.imdb.com/title/tt1242460/"
"326","tt0376136","Fri Dec 27 00:00:00 2013","","","The Rum Diary","Feature Film","Bruce Robinson","6","6.2","120","2011","comedy, drama","69475","2011-10-13","http://www.imdb.com/title/tt0376136/"
"327","tt0381849","Fri Dec 27 00:00:00 2013","","","3:10 to Yuma","Feature Film","James Mangold","6","7.8","122","2007","adventure, crime, drama, western","189838","2007-08-21","http://www.imdb.com/title/tt0381849/"
"328","tt0299658","Fri Dec 27 00:00:00 2013","","","Chicago","Feature Film","Rob Marshall","4","7.2","113","2002","comedy, crime, musical","137418","2002-12-10","http://www.imdb.com/title/tt0299658/"
"329","tt0107048","Fri Dec 27 00:00:00 2013","","","Groundhog Day","Feature Film","Harold Ramis","2","8.1","101","1993","comedy, drama, fantasy, romance","305692","1993-02-12","http://www.imdb.com/title/tt0107048/"
"330","tt0099348","Fri Dec 27 00:00:00 2013","","","Dances with Wolves","Feature Film","Kevin Costner","6","8.0","181","1990","adventure, drama, romance, western","141929","1990-10-19","http://www.imdb.com/title/tt0099348/"
"331","tt0993842","Fri Dec 27 00:00:00 2013","","","Hanna","Feature Film","Joe Wright","5","6.8","111","2011","action, adventure, thriller","130082","2011-04-07","http://www.imdb.com/title/tt0993842/"
"332","tt0053291","Fri Dec 27 00:00:00 2013","","","Some Like It Hot","Feature Film","Billy Wilder","7","8.4","120","1959","comedy","128435","1959-03-29","http://www.imdb.com/title/tt0053291/"
"333","tt0119177","Fri Dec 27 00:00:00 2013","","","Gattaca","Feature Film","Andrew Niccol","8","7.8","106","1997","drama, romance, sci_fi, thriller","163166","1997-09-07","http://www.imdb.com/title/tt0119177/"
"334","tt1174732","Fri Dec 27 00:00:00 2013","","","An Education","Feature Film","Lone Scherfig","6","7.3","100","2009","drama","92262","2009-01-18","http://www.imdb.com/title/tt1174732/"
"335","tt0264235","Fri Dec 27 00:00:00 2013","","","Curb Your Enthusiasm","TV Series","","8","8.8","30","1999","comedy","48307","1999-10-17","http://www.imdb.com/title/tt0264235/"
"336","tt1255953","Fri Dec 27 00:00:00 2013","","","Incendies","Feature Film","Denis Villeneuve","8","8.2","139","2010","drama, mystery, war","44262","2010-09-04","http://www.imdb.com/title/tt1255953/"
"337","tt1243957","Fri Dec 27 00:00:00 2013","","","The Tourist","Feature Film","Florian Henckel von Donnersmarck","6","6.0","103","2010","action, romance, thriller","127334","2010-12-08","http://www.imdb.com/title/tt1243957/"
"338","tt0070735","Fri Dec 27 00:00:00 2013","","","The Sting","Feature Film","George Roy Hill","8","8.4","129","1973","comedy, crime, drama","126277","1973-12-25","http://www.imdb.com/title/tt0070735/"
"339","tt0057012","Fri Dec 27 00:00:00 2013","","","Dr. Strangelove or: How I Learned to Stop Worrying and Love the Bomb","Feature Film","Stanley Kubrick","9","8.6","95","1964","comedy, war","260885","1964-01-29","http://www.imdb.com/title/tt0057012/"
"340","tt1013753","Fri Dec 27 00:00:00 2013","","","Milk","Feature Film","Gus Van Sant","7","7.7","128","2008","biography, drama, history","107883","2008-10-28","http://www.imdb.com/title/tt1013753/"
"341","tt0138097","Fri Dec 27 00:00:00 2013","","","Shakespeare in Love","Feature Film","John Madden","7","7.2","123","1998","comedy, drama, romance","141139","1998-12-03","http://www.imdb.com/title/tt0138097/"
"342","tt0472062","Fri Dec 27 00:00:00 2013","","","Charlie Wilson's War","Feature Film","Mike Nichols","7","7.1","102","2007","biography, comedy, drama, history","75566","2007-12-10","http://www.imdb.com/title/tt0472062/"
"343","tt0230600","Fri Dec 27 00:00:00 2013","","","The Others","Feature Film","Alejandro Amenábar","6","7.6","101","2001","drama, horror, mystery, thriller","210433","2001-08-02","http://www.imdb.com/title/tt0230600/"
"344","tt1655420","Fri Dec 27 00:00:00 2013","","","My Week with Marilyn","Feature Film","Simon Curtis","4","7.0","99","2011","biography, drama","57853","2011-10-09","http://www.imdb.com/title/tt1655420/"
"345","tt1832382","Fri Dec 27 00:00:00 2013","","","A Separation","Feature Film","Asghar Farhadi","9","8.5","123","2011","drama","103551","2011-02-15","http://www.imdb.com/title/tt1832382/"
"346","tt0116209","Fri Dec 27 00:00:00 2013","","","The English Patient","Feature Film","Anthony Minghella","8","7.4","162","1996","drama, romance, war","109752","1996-10","http://www.imdb.com/title/tt0116209/"
"347","tt0477302","Fri Dec 27 00:00:00 2013","","","Extremely Loud & Incredibly Close","Feature Film","Stephen Daldry","6","6.9","129","2011","adventure, drama, mystery","62319","2011-12-25","http://www.imdb.com/title/tt0477302/"
"348","tt0077975","Fri Dec 27 00:00:00 2013","","","Animal House","Feature Film","John Landis","4","7.7","109","1978","comedy, romance","74118","1978-07-27","http://www.imdb.com/title/tt0077975/"
"349","tt0929632","Fri Dec 27 00:00:00 2013","","","Precious","Feature Film","Lee Daniels","7","7.4","110","2009","drama","65042","2009-01-16","http://www.imdb.com/title/tt0929632/"
"350","tt0245574","Fri Dec 27 00:00:00 2013","","","Y Tu Mamá También","Feature Film","Alfonso Cuarón","8","7.7","106","2001","drama","75268","2001-06-08","http://www.imdb.com/title/tt0245574/"
"351","tt0276919","Fri Dec 27 00:00:00 2013","","","Dogville","Feature Film","Lars Von Trier","9","8.0","178","2003","drama","86403","2003-05-19","http://www.imdb.com/title/tt0276919/"
"352","tt1125849","Fri Dec 27 00:00:00 2013","","","The Wrestler","Feature Film","Darren Aronofsky","7","8.0","109","2008","drama, sport","216484","2008-09-05","http://www.imdb.com/title/tt1125849/"
"353","tt0138704","Fri Dec 27 00:00:00 2013","","","Pi","Feature Film","Darren Aronofsky","9","7.5","84","1998","sci_fi, thriller","115460","1998-01","http://www.imdb.com/title/tt0138704/"
"354","tt1571222","Fri Dec 27 00:00:00 2013","","","A Dangerous Method","Feature Film","David Cronenberg","5","6.5","99","2011","biography, drama, thriller","60665","2011-09-02","http://www.imdb.com/title/tt1571222/"
"355","tt0075686","Fri Dec 27 00:00:00 2013","","","Annie Hall","Feature Film","Woody Allen","9","8.2","93","1977","comedy, romance","137129","1977-04-20","http://www.imdb.com/title/tt0075686/"
"356","tt2125435","Fri Dec 27 00:00:00 2013","","","Beasts of the Southern Wild","Feature Film","Benh Zeitlin","8","7.3","93","2012","drama, fantasy","54810","2012-01-20","http://www.imdb.com/title/tt2125435/"
"357","tt0072431","Fri Dec 27 00:00:00 2013","","","Young Frankenstein","Feature Film","Mel Brooks","6","8.1","106","1974","comedy","91674","1974-12-15","http://www.imdb.com/title/tt0072431/"
"358","tt1692486","Fri Dec 27 00:00:00 2013","","","Carnage","Feature Film","Roman Polanski","5","7.2","80","2011","comedy, drama","73459","2011-09-01","http://www.imdb.com/title/tt1692486/"
"359","tt0071230","Fri Dec 27 00:00:00 2013","","","Blazing Saddles","Feature Film","Mel Brooks","3","7.8","93","1974","comedy, western","73675","1974-02-07","http://www.imdb.com/title/tt0071230/"
"360","tt1226753","Fri Dec 27 00:00:00 2013","","","The Debt","Feature Film","John Madden","5","6.9","113","2010","drama, thriller","46502","2010-09-04","http://www.imdb.com/title/tt1226753/"
"361","tt0443680","Fri Dec 27 00:00:00 2013","","","The Assassination of Jesse James by the Coward Robert Ford","Feature Film","Andrew Dominik","7","7.6","160","2007","biography, crime, drama, history, western","111904","2007-09-02","http://www.imdb.com/title/tt0443680/"
"362","tt1614989","Fri Dec 27 00:00:00 2013","","","Headhunters","Feature Film","Morten Tyldum","7","7.6","100","2011","crime, thriller","56151","2011-08-04","http://www.imdb.com/title/tt1614989/"
"363","tt1057500","Fri Dec 27 00:00:00 2013","","","Invictus","Feature Film","Clint Eastwood","6","7.4","134","2009","biography, drama, history, sport","96831","2009-12-03","http://www.imdb.com/title/tt1057500/"
"364","tt0056193","Fri Dec 27 00:00:00 2013","","","Lolita","Feature Film","Stanley Kubrick","7","7.7","152","1962","drama, romance","51063","1962-06-12","http://www.imdb.com/title/tt0056193/"
"365","tt1602620","Fri Dec 27 00:00:00 2013","","","Amour","Feature Film","Michael Haneke","6","7.8","127","2012","drama, romance","50337","2012-05-20","http://www.imdb.com/title/tt1602620/"
"366","tt0056869","Fri Dec 27 00:00:00 2013","","","The Birds","Feature Film","Alfred Hitchcock","8","7.8","119","1963","horror, sci_fi, thriller","99062","1963-03-28","http://www.imdb.com/title/tt0056869/"
"367","tt0402894","Fri Dec 27 00:00:00 2013","","","Casanova","Feature Film","Lasse Hallström","5","6.5","112","2005","adventure, comedy, drama, romance","36740","2005-09-03","http://www.imdb.com/title/tt0402894/"
"368","tt1536048","Fri Dec 27 00:00:00 2013","","","W.E.","Feature Film","Madonna","5","6.0","119","2011","drama, history, romance","7346","2011-09-01","http://www.imdb.com/title/tt1536048/"
"369","tt0080487","Fri Dec 27 00:00:00 2013","","","Caddyshack","Feature Film","Harold Ramis","2","7.4","98","1980","comedy, sport","63561","1980-07-25","http://www.imdb.com/title/tt0080487/"
"370","tt1276419","Fri Dec 27 00:00:00 2013","","","A Royal Affair","Feature Film","Nikolaj Arcel","6","7.6","137","2012","drama, history, romance","19812","2012-02-16","http://www.imdb.com/title/tt1276419/"
"371","tt0962736","Fri Dec 27 00:00:00 2013","","","The Young Victoria","Feature Film","Jean-Marc Vallée","6","7.3","105","2009","biography, drama, history, romance","32039","2009-03-06","http://www.imdb.com/title/tt0962736/"
"372","tt0318649","Fri Dec 27 00:00:00 2013","","","Sahara","Feature Film","Breck Eisner","3","6.0","124","2005","action, adventure, comedy, thriller, war","63530","2005-04-04","http://www.imdb.com/title/tt0318649/"
"373","tt0465538","Fri Dec 27 00:00:00 2013","","","Michael Clayton","Feature Film","Tony Gilroy","8","7.3","119","2007","crime, drama, mystery, thriller","112914","2007-08-31","http://www.imdb.com/title/tt0465538/"
"374","tt1135503","Fri Dec 27 00:00:00 2013","","","Julie & Julia","Feature Film","Nora Ephron","5","7.0","123","2009","biography, drama, romance","60282","2009-07-30","http://www.imdb.com/title/tt1135503/"
"375","tt0864761","Fri Dec 27 00:00:00 2013","","","The Duchess","Feature Film","Saul Dibb","6","6.9","110","2008","biography, drama, history, romance","44487","2008-09-03","http://www.imdb.com/title/tt0864761/"
"376","tt1403177","Fri Dec 27 00:00:00 2013","","","Hesher","Feature Film","Spencer Susser","7","7.1","106","2010","drama","35889","2010-01-22","http://www.imdb.com/title/tt1403177/"
"377","tt1164999","Fri Dec 27 00:00:00 2013","","","Biutiful","Feature Film","Alejandro González Iñárritu","7","7.5","148","2010","drama","50035","2010-05-17","http://www.imdb.com/title/tt1164999/"
"378","tt0168629","Fri Dec 27 00:00:00 2013","","","Dancer in the Dark","Feature Film","Lars Von Trier","8","8.0","140","2000","crime, drama, musical","62784","2000-05-17","http://www.imdb.com/title/tt0168629/"
"379","tt0450188","Fri Dec 27 00:00:00 2013","","","La Vie en Rose","Feature Film","Olivier Dahan","7","7.7","140","2007","biography, drama, music","48599","2007-02-08","http://www.imdb.com/title/tt0450188/"
"380","tt1613750","Fri Dec 27 00:00:00 2013","","","Kon-Tiki","Feature Film","Joachim Rønning, Espen Sandberg","7","7.3","118","2012","adventure, history","22206","2012-08-18","http://www.imdb.com/title/tt1613750/"
"381","tt0089755","Fri Dec 27 00:00:00 2013","","","Out of Africa","Feature Film","Sydney Pollack","7","7.2","161","1985","biography, drama, romance","38116","1985-12-10","http://www.imdb.com/title/tt0089755/"
"382","tt1379182","Fri Dec 27 00:00:00 2013","","","Dogtooth","Feature Film","Giorgos Lanthimos","6","7.2","94","2009","drama","27272","2009-05-18","http://www.imdb.com/title/tt1379182/"
"383","tt0115751","Fri Dec 27 00:00:00 2013","","","Breaking the Waves","Feature Film","Lars Von Trier","10","7.9","159","1996","drama, romance","38321","1996-05-18","http://www.imdb.com/title/tt0115751/"
"384","tt0095159","Fri Dec 27 00:00:00 2013","","","A Fish Called Wanda","Feature Film","Charles Crichton","6","7.6","108","1988","comedy, crime","91562","1988-07-07","http://www.imdb.com/title/tt0095159/"
"385","tt1540133","Fri Dec 27 00:00:00 2013","","","The Guard","Feature Film","John Michael McDonagh","4","7.3","96","2011","comedy, crime, thriller","45502","2011-01-20","http://www.imdb.com/title/tt1540133/"
"386","tt0870111","Fri Dec 27 00:00:00 2013","","","Frost/Nixon","Feature Film","Ron Howard","7","7.8","122","2008","drama, history","76306","2008-10-15","http://www.imdb.com/title/tt0870111/"
"387","tt1654523","Fri Dec 27 00:00:00 2013","","","Night Train to Lisbon","Feature Film","Bille August","6","6.8","111","2013","mystery, romance, thriller","5169","2013-02-13","http://www.imdb.com/title/tt1654523/"
"388","tt1705120","Fri Dec 27 00:00:00 2013","","","Love.net","Feature Film","Ilian Djevelekov","3","7.7","","2011","drama, romance","2294","2011-04-01","http://www.imdb.com/title/tt1705120/"
"389","tt0061770","Thu Dec 26 00:00:00 2013","","","Hombre","Feature Film","Martin Ritt","8","7.4","111","1967","western","6349","1967-03-21","http://www.imdb.com/title/tt0061770/"
"390","tt0046268","Thu Dec 26 00:00:00 2013","","","The Wages of Fear","Feature Film","Henri-Georges Clouzot","9","8.3","131","1953","adventure, drama, thriller","24404","1953-04-22","http://www.imdb.com/title/tt0046268/"
"391","tt0049934","Thu Dec 26 00:00:00 2013","","","War and Peace","Feature Film","King Vidor","8","6.8","208","1956","drama, romance, war","5398","1956-08-21","http://www.imdb.com/title/tt0049934/"
"392","tt1854513","Thu Dec 26 00:00:00 2013","","","Blancanieves","Feature Film","Pablo Berger","7","7.5","104","2012","drama, fantasy","4912","2012-09-08","http://www.imdb.com/title/tt1854513/"
"393","tt0110099","Thu Dec 26 00:00:00 2013","","","I.Q.","Feature Film","Fred Schepisi","5","6.2","100","1994","comedy, romance","17070","1994-12-25","http://www.imdb.com/title/tt0110099/"
"394","tt0110684","Thu Dec 26 00:00:00 2013","","","Nobody's Fool","Feature Film","Robert Benton","7","7.4","110","1994","comedy, drama","12757","1994-12-23","http://www.imdb.com/title/tt0110684/"
"395","tt1924394","Thu Dec 26 00:00:00 2013","","","The Angels' Share","Feature Film","Ken Loach","6","7.1","101","2012","comedy, crime, drama","12716","2012-05-22","http://www.imdb.com/title/tt1924394/"
"396","tt0119167","Thu Dec 26 00:00:00 2013","","","Funny Games","Feature Film","Michael Haneke","8","7.6","108","1997","crime, drama, thriller","32312","1997-05-14","http://www.imdb.com/title/tt0119167/"
"397","tt0070666","Thu Dec 26 00:00:00 2013","","","Serpico","Feature Film","Sidney Lumet","8","7.8","130","1973","biography, crime, drama","56634","1973-12-05","http://www.imdb.com/title/tt0070666/"
"398","tt2085910","Thu Dec 26 00:00:00 2013","","","Room 237","Documentary","Rodney Ascher","6","6.3","102","2012","documentary","9712","2012-01-23","http://www.imdb.com/title/tt2085910/"
"399","tt0280665","Thu Dec 26 00:00:00 2013","","","Femme Fatale","Feature Film","Brian De Palma","6","6.3","114","2002","crime, mystery, thriller","24977","2002-04-30","http://www.imdb.com/title/tt0280665/"
"400","tt0237572","Thu Dec 26 00:00:00 2013","","","The Pledge","Feature Film","Sean Penn","6","6.8","124","2001","drama, crime, mystery, thriller","36149","2001-01-09","http://www.imdb.com/title/tt0237572/"
"401","tt2306745","Thu Dec 26 00:00:00 2013","","","Sound City","Documentary","David Grohl","6","7.8","108","2013","documentary, music","6362","2013-01-18","http://www.imdb.com/title/tt2306745/"
"402","tt0247196","Thu Dec 26 00:00:00 2013","","","Before Night Falls","Feature Film","Julian Schnabel","8","7.3","133","2000","biography, drama","18107","2000-09-03","http://www.imdb.com/title/tt0247196/"
"403","tt0065724","Thu Dec 26 00:00:00 2013","","","Five Easy Pieces","Feature Film","Bob Rafelson","7","7.5","98","1970","drama","20187","1970-09-11","http://www.imdb.com/title/tt0065724/"
"404","tt1901040","Thu Dec 26 00:00:00 2013","","","Wrong","Feature Film","Quentin Dupieux","6","6.2","94","2012","comedy, mystery","4497","2012-01-21","http://www.imdb.com/title/tt1901040/"
"405","tt1454468","Thu Dec 26 00:00:00 2013","","","Gravity","Feature Film","Alfonso Cuarón","6","8.2","91","2013","drama, sci_fi, thriller","306273","2013-08-28","http://www.imdb.com/title/tt1454468/"
"406","tt1535109","Thu Dec 26 00:00:00 2013","","","Captain Phillips","Feature Film","Paul Greengrass","7","8.0","134","2013","biography, drama, thriller","154970","2013-09-27","http://www.imdb.com/title/tt1535109/"
"407","tt1723121","Thu Dec 26 00:00:00 2013","","","We're the Millers","Feature Film","Rawson Marshall Thurber","6","7.1","110","2013","comedy, crime","166379","2013-08-03","http://www.imdb.com/title/tt1723121/"
"408","tt1670345","Thu Dec 26 00:00:00 2013","","","Now You See Me","Feature Film","Louis Leterrier","7","7.3","115","2013","crime, mystery, thriller","268874","2013-05-21","http://www.imdb.com/title/tt1670345/"
"409","tt1266020","Thu Dec 26 00:00:00 2013","","","Parks and Recreation","TV Series","","8","8.6","21","2009","comedy","56930","2009-04-09","http://www.imdb.com/title/tt1266020/"
"410","tt0068646","Thu Dec 26 00:00:00 2013","","","The Godfather","Feature Film","Francis Ford Coppola","9","9.2","175","1972","crime, drama","812166","1972-03-15","http://www.imdb.com/title/tt0068646/"
"411","tt1817273","Thu Dec 26 00:00:00 2013","","","The Place Beyond the Pines","Feature Film","Derek Cianfrance","7","7.4","140","2012","crime, drama","122292","2012-09-07","http://www.imdb.com/title/tt1817273/"
"412","tt1483013","Thu Dec 26 00:00:00 2013","","","Oblivion","Feature Film","Joseph Kosinski","6","7.0","124","2013","action, adventure, mystery, sci_fi","235336","2013-03-26","http://www.imdb.com/title/tt1483013/"
"413","tt1935179","Thu Dec 26 00:00:00 2013","","","Mud","Feature Film","Jeff Nichols","7","7.5","130","2012","drama","67032","2012-05-26","http://www.imdb.com/title/tt1935179/"
"414","tt1980209","Thu Dec 26 00:00:00 2013","","","Pain & Gain","Feature Film","Michael Bay","6","6.5","129","2013","action, comedy, crime, drama","96332","2013-04-11","http://www.imdb.com/title/tt1980209/"
"415","tt2053463","Thu Dec 26 00:00:00 2013","","","Side Effects","Feature Film","Steven Soderbergh","6","7.1","106","2013","crime, drama, thriller","102362","2013-02-08","http://www.imdb.com/title/tt2053463/"
"416","tt2209418","Thu Dec 26 00:00:00 2013","","","Before Midnight","Feature Film","Richard Linklater","4","8.1","109","2013","drama, romance","48345","2013-01-20","http://www.imdb.com/title/tt2209418/"
"417","tt0071562","Thu Dec 26 00:00:00 2013","","","The Godfather: Part II","Feature Film","Francis Ford Coppola","9","9.1","200","1974","crime, drama","534426","1974-12-12","http://www.imdb.com/title/tt0071562/"
"418","tt1748122","Thu Dec 26 00:00:00 2013","","","Moonrise Kingdom","Feature Film","Wes Anderson","7","7.8","94","2012","comedy, drama, romance","156964","2012-05-16","http://www.imdb.com/title/tt1748122/"
"419","tt0196229","Thu Dec 26 00:00:00 2013","","","Zoolander","Feature Film","Ben Stiller","8","6.6","89","2001","comedy","145068","2001-09-28","http://www.imdb.com/title/tt0196229/"
"420","tt1253864","Thu Dec 26 00:00:00 2013","","","Immortals","Feature Film","Tarsem Singh Dhandwar","5","6.1","110","2011","action, drama, fantasy","111819","2011-11-10","http://www.imdb.com/title/tt1253864/"
"421","tt0181875","Thu Dec 26 00:00:00 2013","","","Almost Famous","Feature Film","Cameron Crowe","6","8.0","122","2000","drama, music","165330","2000-09-08","http://www.imdb.com/title/tt0181875/"
"422","tt0870984","Thu Dec 26 00:00:00 2013","","","Antichrist","Feature Film","Lars von Trier","7","6.6","108","2009","drama","62443","2009-05-18","http://www.imdb.com/title/tt0870984/"
"423","tt2179116","Thu Dec 26 00:00:00 2013","","","The Kings of Summer","Feature Film","Jordan Vogt-Roberts","7","7.2","95","2013","comedy, drama","27611","2013-01-19","http://www.imdb.com/title/tt2179116/"
"424","tt1869716","Thu Dec 26 00:00:00 2013","","","The East","Feature Film","Zal Batmanglij","6","6.9","116","2013","crime, drama, thriller","25277","2013-01-20","http://www.imdb.com/title/tt1869716/"
"425","tt1219289","Thu Dec 26 00:00:00 2013","","","Limitless","Feature Film","Neil Burger","7","7.4","105","2011","mystery, sci_fi, thriller","284333","2011-03-08","http://www.imdb.com/title/tt1219289/"
"426","tt1433811","Thu Dec 26 00:00:00 2013","","","Disconnect","Feature Film","Henry-Alex Rubin","6","7.6","115","2012","drama, thriller","32383","2012-09-11","http://www.imdb.com/title/tt1433811/"
"427","tt1606378","Thu Dec 26 00:00:00 2013","","","A Good Day to Die Hard","Feature Film","John Moore","6","5.4","98","2013","action, crime, thriller","121603","2013-02-07","http://www.imdb.com/title/tt1606378/"
"428","tt0443706","Thu Dec 26 00:00:00 2013","","","Zodiac","Feature Film","David Fincher","7","7.7","157","2007","crime, drama, mystery, thriller","203468","2007-03-02","http://www.imdb.com/title/tt0443706/"
"429","tt2404461","Thu Dec 26 00:00:00 2013","","","The Past","Feature Film","Asghar Farhadi","9","8.1","130","2013","drama, mystery","16522","2013-05-17","http://www.imdb.com/title/tt2404461/"
"430","tt0099674","Thu Dec 26 00:00:00 2013","","","The Godfather: Part III","Feature Film","Francis Ford Coppola","8","7.6","162","1990","crime, drama, mystery, thriller","188603","1990-12-20","http://www.imdb.com/title/tt0099674/"
"431","tt0056592","Thu Dec 26 00:00:00 2013","","","To Kill a Mockingbird","Feature Film","Robert Mulligan","8","8.4","129","1962","crime, drama, mystery","153262","1962-12-25","http://www.imdb.com/title/tt0056592/"
"432","tt0087843","Thu Dec 26 00:00:00 2013","","","Once Upon a Time in America","Feature Film","Sergio Leone","8","8.4","229","1984","crime, drama","157828","1984-02-17","http://www.imdb.com/title/tt0087843/"
"433","tt0061512","Thu Dec 26 00:00:00 2013","","","Cool Hand Luke","Feature Film","Stuart Rosenberg","7","8.2","126","1967","crime, drama","89771","1967-11-01","http://www.imdb.com/title/tt0061512/"
"434","tt0105323","Thu Dec 26 00:00:00 2013","","","Scent of a Woman","Feature Film","Martin Brest","8","7.9","157","1992","drama","150135","1992-12-23","http://www.imdb.com/title/tt0105323/"
"435","tt0053125","Thu Dec 26 00:00:00 2013","","","North by Northwest","Feature Film","Alfred Hitchcock","8","8.5","136","1959","action, adventure, mystery, thriller","164510","1959-07-17","http://www.imdb.com/title/tt0053125/"
"436","tt0265666","Thu Dec 26 00:00:00 2013","","","The Royal Tenenbaums","Feature Film","Wes Anderson","7","7.6","110","2001","comedy, drama","158111","2001-10-05","http://www.imdb.com/title/tt0265666/"
"437","tt0068473","Thu Dec 26 00:00:00 2013","","","Deliverance","Feature Film","John Boorman","8","7.8","110","1972","adventure, drama, thriller","63578","1972-07-30","http://www.imdb.com/title/tt0068473/"
"438","tt1448755","Thu Dec 26 00:00:00 2013","","","Killer Elite","Feature Film","Gary McKendry","7","6.5","116","2011","action, crime, thriller","82751","2011-09-10","http://www.imdb.com/title/tt1448755/"
"439","tt1637706","Thu Dec 26 00:00:00 2013","","","Our Idiot Brother","Feature Film","Jesse Peretz","6","6.5","90","2011","comedy, drama","61902","2011-01-22","http://www.imdb.com/title/tt1637706/"
"440","tt1034314","Thu Dec 26 00:00:00 2013","","","Iron Sky","Feature Film","Timo Vuorensola","5","6.0","93","2012","action, comedy, sci_fi","63903","2012-02-11","http://www.imdb.com/title/tt1034314/"
"441","tt0106856","Thu Dec 26 00:00:00 2013","","","Falling Down","Feature Film","Joel Schumacher","7","7.6","113","1993","crime, drama, thriller","110154","1993-02-26","http://www.imdb.com/title/tt0106856/"
"442","tt0072890","Thu Dec 26 00:00:00 2013","","","Dog Day Afternoon","Feature Film","Sidney Lumet","8","8.1","125","1975","crime, drama","136315","1975-09-21","http://www.imdb.com/title/tt0072890/"
"443","tt0147612","Thu Dec 26 00:00:00 2013","","","Happiness","Feature Film","Todd Solondz","7","7.8","134","1998","comedy, drama","46537","1998-05-15","http://www.imdb.com/title/tt0147612/"
"444","tt1612774","Thu Dec 26 00:00:00 2013","","","Rubber","Feature Film","Quentin Dupieux","6","5.8","82","2010","comedy, horror","18131","2010-05-15","http://www.imdb.com/title/tt1612774/"
